"GRID_TYPE","GAME_ID","GAME_EVENT_ID","PLAYER_ID","PLAYER_NAME","TEAM_ID","TEAM_NAME","PERIOD","MINUTES_REMAINING","SECONDS_REMAINING","EVENT_TYPE","ACTION_TYPE","SHOT_TYPE","SHOT_ZONE_BASIC","SHOT_ZONE_AREA","SHOT_ZONE_RANGE","SHOT_DISTANCE","LOC_X","LOC_Y","SHOT_ATTEMPTED_FLAG","SHOT_MADE_FLAG","GAME_DATE","HTM","VTM"
"Shot Chart Detail","0022400061","7","1628369","Jayson Tatum","1610612738","Boston Celtics","1","11","48","Made Shot","Pullup Jump shot","3PT Field Goal","Above the Break 3","Right Side Center(RC)","24+ ft.","26","141","228","1","1","20241022","BOS","NYK"
"Shot Chart Detail","0022400061","9","1628384","OG Anunoby","1610612752","New York Knicks","1","11","27","Made Shot","Driving Layup Shot","2PT Field Goal","In The Paint (Non-RA)","Center(C)","Less Than 8 ft.","5","36","46","1","1","20241022","BOS","NYK"
"Shot Chart Detail","0022400061","11","1628369","Jayson Tatum","1610612738","Boston Celtics","1","11","16","Missed Shot","Pullup Jump shot","3PT Field Goal","Above the Break 3","Left Side Center(LC)","24+ ft.","25","-83","242","1","0","20241022","BOS","NYK"
"Shot Chart Detail","0022400061","13","1628973","Jalen Brunson","1610612752","New York Knicks","1","11","9","Made Shot","Running Layup Shot","2PT Field Goal","Restricted Area","Center(C)","Less Than 8 ft.","3","-31","8","1","1","20241022","BOS","NYK"
"Shot Chart Detail","0022400061","14","1628401","Derrick White","1610612738","Boston Celtics","1","10","54","Made Shot","Driving Floating Jump Shot","2PT Field Goal","In The Paint (Non-RA)","Center(C)","Less Than 8 ft.","5","10","49","1","1","20241022","BOS","NYK"
"Shot Chart Detail","0022400061","16","1628973","Jalen Brunson","1610612752","New York Knicks","1","10","35","Made Shot","Pullup Jump shot","2PT Field Goal","Mid-Range","Left Side(L)","8-16 ft.","13","-134","4","1","1","20241022","BOS","NYK"
"Shot Chart Detail","0022400061","17","201143","Al Horford","1610612738","Boston Celtics","1","10","21","Made Shot","Jump Shot","3PT Field Goal","Above the Break 3","Right Side Center(RC)","24+ ft.","24","170","183","1","1","20241022","BOS","NYK"
"Shot Chart Detail","0022400061","19","1626157","Karl-Anthony Towns","1610612752","New York Knicks","1","9","53","Made Shot","Turnaround Hook Shot","2PT Field Goal","Mid-Range","Left Side(L)","8-16 ft.","11","-114","0","1","1","20241022","BOS","NYK"
"Shot Chart Detail","0022400061","20","1627759","Jaylen Brown","1610612738","Boston Celtics","1","9","42","Missed Shot","Pullup Jump shot","2PT Field Goal","Mid-Range","Right Side Center(RC)","16-24 ft.","20","99","180","1","0","20241022","BOS","NYK"
"Shot Chart Detail","0022400061","22","1628401","Derrick White","1610612738","Boston Celtics","1","9","34","Made Shot","Jump Shot","3PT Field Goal","Left Corner 3","Left Side(L)","24+ ft.","22","-227","13","1","1","20241022","BOS","NYK"
"Shot Chart Detail","0022400061","25","1628404","Josh Hart","1610612752","New York Knicks","1","9","17","Made Shot","Cutting Layup Shot","2PT Field Goal","In The Paint (Non-RA)","Center(C)","Less Than 8 ft.","4","43","25","1","1","20241022","BOS","NYK"
"Shot Chart Detail","0022400061","27","1627759","Jaylen Brown","1610612738","Boston Celtics","1","9","8","Missed Shot","Jump Shot","3PT Field Goal","Above the Break 3","Right Side Center(RC)","24+ ft.","25","196","170","1","0","20241022","BOS","NYK"
"Shot Chart Detail","0022400061","29","1626157","Karl-Anthony Towns","1610612752","New York Knicks","1","8","51","Missed Shot","Turnaround Fadeaway shot","2PT Field Goal","Mid-Range","Left Side(L)","8-16 ft.","15","-151","9","1","0","20241022","BOS","NYK"
"Shot Chart Detail","0022400061","31","1628401","Derrick White","1610612738","Boston Celtics","1","8","44","Missed Shot","Running Layup Shot","2PT Field Goal","In The Paint (Non-RA)","Center(C)","Less Than 8 ft.","6","58","29","1","0","20241022","BOS","NYK"
"Shot Chart Detail","0022400061","35","1628369","Jayson Tatum","1610612738","Boston Celtics","1","8","30","Made Shot","Running Dunk Shot","2PT Field Goal","Restricted Area","Center(C)","Less Than 8 ft.","0","7","7","1","1","20241022","BOS","NYK"
"Shot Chart Detail","0022400061","36","1628404","Josh Hart","1610612752","New York Knicks","1","8","12","Made Shot","Driving Layup Shot","2PT Field Goal","Restricted Area","Center(C)","Less Than 8 ft.","3","-31","11","1","1","20241022","BOS","NYK"
"Shot Chart Detail","0022400061","37","201950","Jrue Holiday","1610612738","Boston Celtics","1","8","3","Missed Shot","Jump Shot","3PT Field Goal","Above the Break 3","Right Side Center(RC)","24+ ft.","24","178","175","1","0","20241022","BOS","NYK"
"Shot Chart Detail","0022400061","41","1628401","Derrick White","1610612738","Boston Celtics","1","7","57","Missed Shot","Pullup Jump shot","3PT Field Goal","Above the Break 3","Right Side Center(RC)","24+ ft.","27","137","244","1","0","20241022","BOS","NYK"
"Shot Chart Detail","0022400061","43","1628969","Mikal Bridges","1610612752","New York Knicks","1","7","47","Missed Shot","Jump Shot","3PT Field Goal","Above the Break 3","Right Side Center(RC)","24+ ft.","25","229","113","1","0","20241022","BOS","NYK"
"Shot Chart Detail","0022400061","45","1627759","Jaylen Brown","1610612738","Boston Celtics","1","7","36","Made Shot","Jump Shot","3PT Field Goal","Above the Break 3","Right Side Center(RC)","24+ ft.","27","146","230","1","1","20241022","BOS","NYK"
"Shot Chart Detail","0022400061","48","1628384","OG Anunoby","1610612752","New York Knicks","1","7","16","Missed Shot","Pullup Jump shot","2PT Field Goal","Mid-Range","Left Side Center(LC)","16-24 ft.","20","-136","148","1","0","20241022","BOS","NYK"
"Shot Chart Detail","0022400061","50","1627759","Jaylen Brown","1610612738","Boston Celtics","1","7","3","Missed Shot","Layup Shot","2PT Field Goal","In The Paint (Non-RA)","Center(C)","Less Than 8 ft.","4","38","22","1","0","20241022","BOS","NYK"
"Shot Chart Detail","0022400061","52","1627759","Jaylen Brown","1610612738","Boston Celtics","1","7","2","Made Shot","Tip Layup Shot","2PT Field Goal","Restricted Area","Center(C)","Less Than 8 ft.","0","0","0","1","1","20241022","BOS","NYK"
"Shot Chart Detail","0022400061","53","1628969","Mikal Bridges","1610612752","New York Knicks","1","6","45","Missed Shot","Fadeaway Jump Shot","2PT Field Goal","In The Paint (Non-RA)","Center(C)","8-16 ft.","12","60","106","1","0","20241022","BOS","NYK"
"Shot Chart Detail","0022400061","68","1628436","Luke Kornet","1610612738","Boston Celtics","1","6","11","Made Shot","Driving Layup Shot","2PT Field Goal","Restricted Area","Center(C)","Less Than 8 ft.","1","2","15","1","1","20241022","BOS","NYK"
"Shot Chart Detail","0022400061","70","1628973","Jalen Brunson","1610612752","New York Knicks","1","5","57","Made Shot","Driving Finger Roll Layup Shot","2PT Field Goal","Restricted Area","Center(C)","Less Than 8 ft.","3","-34","6","1","1","20241022","BOS","NYK"
"Shot Chart Detail","0022400061","71","1628369","Jayson Tatum","1610612738","Boston Celtics","1","5","43","Missed Shot","Step Back Jump shot","3PT Field Goal","Above the Break 3","Left Side Center(LC)","24+ ft.","25","-115","228","1","0","20241022","BOS","NYK"
"Shot Chart Detail","0022400061","73","1628436","Luke Kornet","1610612738","Boston Celtics","1","5","39","Missed Shot","Putback Layup Shot","2PT Field Goal","Restricted Area","Center(C)","Less Than 8 ft.","1","11","16","1","0","20241022","BOS","NYK"
"Shot Chart Detail","0022400061","76","1628404","Josh Hart","1610612752","New York Knicks","1","5","27","Missed Shot","Jump Shot","3PT Field Goal","Above the Break 3","Right Side Center(RC)","24+ ft.","24","91","232","1","0","20241022","BOS","NYK"
"Shot Chart Detail","0022400061","84","1630540","Miles McBride","1610612752","New York Knicks","1","4","53","Made Shot","Step Back Jump shot","2PT Field Goal","Mid-Range","Right Side Center(RC)","16-24 ft.","18","145","115","1","1","20241022","BOS","NYK"
"Shot Chart Detail","0022400061","88","1628369","Jayson Tatum","1610612738","Boston Celtics","1","4","38","Made Shot","Pullup Jump shot","3PT Field Goal","Above the Break 3","Left Side Center(LC)","24+ ft.","29","-115","268","1","1","20241022","BOS","NYK"
"Shot Chart Detail","0022400061","95","1628369","Jayson Tatum","1610612738","Boston Celtics","1","3","57","Made Shot","Pullup Jump shot","3PT Field Goal","Above the Break 3","Left Side Center(LC)","24+ ft.","25","-89","242","1","1","20241022","BOS","NYK"
"Shot Chart Detail","0022400061","98","1628401","Derrick White","1610612738","Boston Celtics","1","3","30","Missed Shot","Running Pull-Up Jump Shot","3PT Field Goal","Above the Break 3","Right Side Center(RC)","24+ ft.","26","130","230","1","0","20241022","BOS","NYK"
"Shot Chart Detail","0022400061","100","1628969","Mikal Bridges","1610612752","New York Knicks","1","3","14","Missed Shot","Jump Shot","3PT Field Goal","Above the Break 3","Right Side Center(RC)","24+ ft.","24","218","114","1","0","20241022","BOS","NYK"
"Shot Chart Detail","0022400061","102","1628404","Josh Hart","1610612752","New York Knicks","1","3","1","Missed Shot","Jump Shot","3PT Field Goal","Above the Break 3","Right Side Center(RC)","24+ ft.","26","127","237","1","0","20241022","BOS","NYK"
"Shot Chart Detail","0022400061","104","1628369","Jayson Tatum","1610612738","Boston Celtics","1","2","50","Made Shot","Pullup Jump shot","3PT Field Goal","Above the Break 3","Center(C)","24+ ft.","25","37","253","1","1","20241022","BOS","NYK"
"Shot Chart Detail","0022400061","118","201950","Jrue Holiday","1610612738","Boston Celtics","1","2","24","Made Shot","Running Layup Shot","2PT Field Goal","Restricted Area","Center(C)","Less Than 8 ft.","1","-12","15","1","1","20241022","BOS","NYK"
"Shot Chart Detail","0022400061","119","1630540","Miles McBride","1610612752","New York Knicks","1","2","5","Made Shot","Step Back Jump shot","3PT Field Goal","Above the Break 3","Right Side Center(RC)","24+ ft.","25","124","226","1","1","20241022","BOS","NYK"
"Shot Chart Detail","0022400061","125","201950","Jrue Holiday","1610612738","Boston Celtics","1","1","45","Made Shot","Step Back Jump shot","3PT Field Goal","Above the Break 3","Left Side Center(LC)","24+ ft.","25","-163","193","1","1","20241022","BOS","NYK"
"Shot Chart Detail","0022400061","127","1626166","Cameron Payne","1610612752","New York Knicks","1","1","29","Missed Shot","Pullup Jump shot","3PT Field Goal","Above the Break 3","Center(C)","24+ ft.","26","-59","256","1","0","20241022","BOS","NYK"
"Shot Chart Detail","0022400061","131","1630573","Sam Hauser","1610612738","Boston Celtics","1","1","22","Made Shot","Pullup Jump shot","3PT Field Goal","Above the Break 3","Right Side Center(RC)","24+ ft.","25","137","212","1","1","20241022","BOS","NYK"
"Shot Chart Detail","0022400061","133","1628969","Mikal Bridges","1610612752","New York Knicks","1","1","6","Missed Shot","Pullup Jump shot","3PT Field Goal","Above the Break 3","Center(C)","24+ ft.","25","11","252","1","0","20241022","BOS","NYK"
"Shot Chart Detail","0022400061","135","201950","Jrue Holiday","1610612738","Boston Celtics","1","0","56","Made Shot","Cutting Layup Shot","2PT Field Goal","Restricted Area","Center(C)","Less Than 8 ft.","1","-9","11","1","1","20241022","BOS","NYK"
"Shot Chart Detail","0022400061","138","1626157","Karl-Anthony Towns","1610612752","New York Knicks","1","0","39","Made Shot","Driving Hook Shot","2PT Field Goal","In The Paint (Non-RA)","Center(C)","Less Than 8 ft.","5","25","51","1","1","20241022","BOS","NYK"
"Shot Chart Detail","0022400061","139","1630202","Payton Pritchard","1610612738","Boston Celtics","1","0","30","Made Shot","Jump Shot","3PT Field Goal","Left Corner 3","Left Side(L)","24+ ft.","23","-228","51","1","1","20241022","BOS","NYK"
"Shot Chart Detail","0022400061","141","1630540","Miles McBride","1610612752","New York Knicks","1","0","5","Made Shot","Step Back Jump shot","2PT Field Goal","Mid-Range","Left Side(L)","16-24 ft.","19","-183","52","1","1","20241022","BOS","NYK"
"Shot Chart Detail","0022400061","142","1630202","Payton Pritchard","1610612738","Boston Celtics","1","0","1","Missed Shot","Pullup Jump shot","3PT Field Goal","Above the Break 3","Center(C)","24+ ft.","32","94","309","1","0","20241022","BOS","NYK"
"Shot Chart Detail","0022400061","152","1630540","Miles McBride","1610612752","New York Knicks","2","11","39","Made Shot","Step Back Jump shot","2PT Field Goal","Mid-Range","Left Side(L)","16-24 ft.","21","-206","52","1","1","20241022","BOS","NYK"
"Shot Chart Detail","0022400061","153","1630573","Sam Hauser","1610612738","Boston Celtics","2","11","23","Missed Shot","Jump Shot","3PT Field Goal","Above the Break 3","Left Side Center(LC)","24+ ft.","26","-107","239","1","0","20241022","BOS","NYK"
"Shot Chart Detail","0022400061","155","1628969","Mikal Bridges","1610612752","New York Knicks","2","11","10","Missed Shot","Jump Shot","3PT Field Goal","Above the Break 3","Right Side Center(RC)","24+ ft.","24","203","129","1","0","20241022","BOS","NYK"
"Shot Chart Detail","0022400061","157","1630573","Sam Hauser","1610612738","Boston Celtics","2","11","5","Missed Shot","Running Layup Shot","2PT Field Goal","Restricted Area","Center(C)","Less Than 8 ft.","1","-9","17","1","0","20241022","BOS","NYK"
"Shot Chart Detail","0022400061","159","1626157","Karl-Anthony Towns","1610612752","New York Knicks","2","10","49","Made Shot","Turnaround Fadeaway shot","2PT Field Goal","Mid-Range","Left Side(L)","8-16 ft.","13","-135","14","1","1","20241022","BOS","NYK"
"Shot Chart Detail","0022400061","165","1626157","Karl-Anthony Towns","1610612752","New York Knicks","2","10","20","Missed Shot","Jump Shot","3PT Field Goal","Left Corner 3","Left Side(L)","24+ ft.","23","-227","50","1","0","20241022","BOS","NYK"
"Shot Chart Detail","0022400061","168","201950","Jrue Holiday","1610612738","Boston Celtics","2","10","0","Missed Shot","Jump Shot","3PT Field Goal","Right Corner 3","Right Side(R)","24+ ft.","24","232","86","1","0","20241022","BOS","NYK"
"Shot Chart Detail","0022400061","170","1626166","Cameron Payne","1610612752","New York Knicks","2","9","48","Missed Shot","Driving Floating Jump Shot","2PT Field Goal","In The Paint (Non-RA)","Center(C)","Less Than 8 ft.","6","22","57","1","0","20241022","BOS","NYK"
"Shot Chart Detail","0022400061","172","1627759","Jaylen Brown","1610612738","Boston Celtics","2","9","41","Missed Shot","Running Pull-Up Jump Shot","3PT Field Goal","Above the Break 3","Left Side Center(LC)","24+ ft.","27","-115","246","1","0","20241022","BOS","NYK"
"Shot Chart Detail","0022400061","174","1630214","Xavier Tillman","1610612738","Boston Celtics","2","9","30","Missed Shot","Floating Jump shot","2PT Field Goal","In The Paint (Non-RA)","Right Side(R)","8-16 ft.","9","69","70","1","0","20241022","BOS","NYK"
"Shot Chart Detail","0022400061","176","201143","Al Horford","1610612738","Boston Celtics","2","9","26","Made Shot","Jump Shot","3PT Field Goal","Left Corner 3","Left Side(L)","24+ ft.","23","-228","70","1","1","20241022","BOS","NYK"
"Shot Chart Detail","0022400061","182","201950","Jrue Holiday","1610612738","Boston Celtics","2","8","52","Made Shot","Pullup Jump shot","3PT Field Goal","Above the Break 3","Left Side Center(LC)","24+ ft.","26","-94","243","1","1","20241022","BOS","NYK"
"Shot Chart Detail","0022400061","185","201143","Al Horford","1610612738","Boston Celtics","2","8","20","Missed Shot","Jump Shot","3PT Field Goal","Above the Break 3","Center(C)","24+ ft.","26","-74","257","1","0","20241022","BOS","NYK"
"Shot Chart Detail","0022400061","187","1627759","Jaylen Brown","1610612738","Boston Celtics","2","8","14","Made Shot","Jump Shot","3PT Field Goal","Above the Break 3","Right Side Center(RC)","24+ ft.","26","136","227","1","1","20241022","BOS","NYK"
"Shot Chart Detail","0022400061","189","1642359","Pacôme Dadiet","1610612752","New York Knicks","2","7","56","Missed Shot","Jump Shot","3PT Field Goal","Above the Break 3","Left Side Center(LC)","24+ ft.","25","-147","210","1","0","20241022","BOS","NYK"
"Shot Chart Detail","0022400061","191","1630214","Xavier Tillman","1610612738","Boston Celtics","2","7","47","Missed Shot","Jump Shot","3PT Field Goal","Left Corner 3","Left Side(L)","24+ ft.","23","-228","74","1","0","20241022","BOS","NYK"
"Shot Chart Detail","0022400061","193","1628384","OG Anunoby","1610612752","New York Knicks","2","7","39","Missed Shot","Running Jump Shot","3PT Field Goal","Left Corner 3","Left Side(L)","24+ ft.","23","-234","19","1","0","20241022","BOS","NYK"
"Shot Chart Detail","0022400061","195","1627759","Jaylen Brown","1610612738","Boston Celtics","2","7","18","Missed Shot","Fadeaway Jump Shot","2PT Field Goal","Mid-Range","Left Side Center(LC)","16-24 ft.","16","-96","132","1","0","20241022","BOS","NYK"
"Shot Chart Detail","0022400061","197","1630540","Miles McBride","1610612752","New York Knicks","2","6","54","Made Shot","Step Back Jump shot","3PT Field Goal","Above the Break 3","Right Side Center(RC)","24+ ft.","25","123","229","1","1","20241022","BOS","NYK"
"Shot Chart Detail","0022400061","198","1630573","Sam Hauser","1610612738","Boston Celtics","2","6","34","Made Shot","Pullup Jump shot","2PT Field Goal","Mid-Range","Left Side(L)","16-24 ft.","16","-152","57","1","1","20241022","BOS","NYK"
"Shot Chart Detail","0022400061","200","1626166","Cameron Payne","1610612752","New York Knicks","2","6","18","Made Shot","Driving Finger Roll Layup Shot","2PT Field Goal","In The Paint (Non-RA)","Center(C)","Less Than 8 ft.","5","-53","19","1","1","20241022","BOS","NYK"
"Shot Chart Detail","0022400061","216","1630202","Payton Pritchard","1610612738","Boston Celtics","2","6","1","Missed Shot","Jump Shot","3PT Field Goal","Above the Break 3","Right Side Center(RC)","24+ ft.","26","168","204","1","0","20241022","BOS","NYK"
"Shot Chart Detail","0022400061","224","1628369","Jayson Tatum","1610612738","Boston Celtics","2","5","26","Made Shot","Step Back Jump shot","3PT Field Goal","Above the Break 3","Left Side Center(LC)","24+ ft.","26","-107","238","1","1","20241022","BOS","NYK"
"Shot Chart Detail","0022400061","227","1627759","Jaylen Brown","1610612738","Boston Celtics","2","4","58","Made Shot","Running Dunk Shot","2PT Field Goal","Restricted Area","Center(C)","Less Than 8 ft.","0","0","-1","1","1","20241022","BOS","NYK"
"Shot Chart Detail","0022400061","228","1630579","Jericho Sims","1610612752","New York Knicks","2","4","40","Made Shot","Cutting Dunk Shot","2PT Field Goal","Restricted Area","Center(C)","Less Than 8 ft.","1","-10","0","1","1","20241022","BOS","NYK"
"Shot Chart Detail","0022400061","230","1628401","Derrick White","1610612738","Boston Celtics","2","4","19","Made Shot","Jump Shot","3PT Field Goal","Right Corner 3","Right Side(R)","24+ ft.","23","232","44","1","1","20241022","BOS","NYK"
"Shot Chart Detail","0022400061","232","1628973","Jalen Brunson","1610612752","New York Knicks","2","4","9","Made Shot","Cutting Layup Shot","2PT Field Goal","In The Paint (Non-RA)","Right Side(R)","8-16 ft.","8","54","63","1","1","20241022","BOS","NYK"
"Shot Chart Detail","0022400061","234","1628401","Derrick White","1610612738","Boston Celtics","2","3","50","Made Shot","Jump Shot","3PT Field Goal","Above the Break 3","Right Side Center(RC)","24+ ft.","25","191","172","1","1","20241022","BOS","NYK"
"Shot Chart Detail","0022400061","236","1628973","Jalen Brunson","1610612752","New York Knicks","2","3","36","Made Shot","Driving Floating Jump Shot","2PT Field Goal","In The Paint (Non-RA)","Center(C)","Less Than 8 ft.","6","22","62","1","1","20241022","BOS","NYK"
"Shot Chart Detail","0022400061","249","1628973","Jalen Brunson","1610612752","New York Knicks","2","3","5","Made Shot","Pullup Jump shot","3PT Field Goal","Above the Break 3","Left Side Center(LC)","24+ ft.","26","-129","226","1","1","20241022","BOS","NYK"
"Shot Chart Detail","0022400061","250","1627759","Jaylen Brown","1610612738","Boston Celtics","2","2","48","Missed Shot","Jump Shot","3PT Field Goal","Above the Break 3","Right Side Center(RC)","24+ ft.","26","168","202","1","0","20241022","BOS","NYK"
"Shot Chart Detail","0022400061","252","1626157","Karl-Anthony Towns","1610612752","New York Knicks","2","2","32","Made Shot","Jump Shot","3PT Field Goal","Above the Break 3","Right Side Center(RC)","24+ ft.","26","92","250","1","1","20241022","BOS","NYK"
"Shot Chart Detail","0022400061","254","1628369","Jayson Tatum","1610612738","Boston Celtics","2","2","7","Made Shot","Driving Layup Shot","2PT Field Goal","Restricted Area","Center(C)","Less Than 8 ft.","1","-13","15","1","1","20241022","BOS","NYK"
"Shot Chart Detail","0022400061","255","1628973","Jalen Brunson","1610612752","New York Knicks","2","2","1","Missed Shot","Driving Layup Shot","2PT Field Goal","In The Paint (Non-RA)","Center(C)","Less Than 8 ft.","7","-75","21","1","0","20241022","BOS","NYK"
"Shot Chart Detail","0022400061","260","1628369","Jayson Tatum","1610612738","Boston Celtics","2","1","37","Made Shot","Jump Shot","3PT Field Goal","Above the Break 3","Right Side Center(RC)","24+ ft.","25","225","112","1","1","20241022","BOS","NYK"
"Shot Chart Detail","0022400061","266","1628369","Jayson Tatum","1610612738","Boston Celtics","2","0","59","Missed Shot","Jump Shot","3PT Field Goal","Above the Break 3","Left Side Center(LC)","24+ ft.","26","-126","231","1","0","20241022","BOS","NYK"
"Shot Chart Detail","0022400061","268","1626157","Karl-Anthony Towns","1610612752","New York Knicks","2","0","40","Missed Shot","Driving Hook Shot","2PT Field Goal","Mid-Range","Left Side(L)","8-16 ft.","9","-89","37","1","0","20241022","BOS","NYK"
"Shot Chart Detail","0022400061","272","1626157","Karl-Anthony Towns","1610612752","New York Knicks","2","0","34","Made Shot","Driving Hook Shot","2PT Field Goal","In The Paint (Non-RA)","Right Side(R)","8-16 ft.","9","53","74","1","1","20241022","BOS","NYK"
"Shot Chart Detail","0022400061","276","1628369","Jayson Tatum","1610612738","Boston Celtics","2","0","12","Made Shot","Driving Layup Shot","2PT Field Goal","In The Paint (Non-RA)","Center(C)","Less Than 8 ft.","4","-28","41","1","1","20241022","BOS","NYK"
"Shot Chart Detail","0022400061","278","1628404","Josh Hart","1610612752","New York Knicks","2","0","1","Made Shot","Driving Reverse Layup Shot","2PT Field Goal","Restricted Area","Center(C)","Less Than 8 ft.","2","12","26","1","1","20241022","BOS","NYK"
"Shot Chart Detail","0022400061","282","1628384","OG Anunoby","1610612752","New York Knicks","3","11","46","Missed Shot","Fadeaway Jump Shot","2PT Field Goal","Mid-Range","Right Side Center(RC)","16-24 ft.","18","80","172","1","0","20241022","BOS","NYK"
"Shot Chart Detail","0022400061","284","1627759","Jaylen Brown","1610612738","Boston Celtics","3","11","38","Made Shot","Step Back Jump shot","3PT Field Goal","Above the Break 3","Right Side Center(RC)","24+ ft.","26","138","231","1","1","20241022","BOS","NYK"
"Shot Chart Detail","0022400061","286","1628401","Derrick White","1610612738","Boston Celtics","3","11","16","Made Shot","Jump Shot","3PT Field Goal","Above the Break 3","Left Side Center(LC)","24+ ft.","25","-98","234","1","1","20241022","BOS","NYK"
"Shot Chart Detail","0022400061","293","1628404","Josh Hart","1610612752","New York Knicks","3","10","40","Made Shot","Cutting Layup Shot","2PT Field Goal","Restricted Area","Center(C)","Less Than 8 ft.","3","-26","16","1","1","20241022","BOS","NYK"
"Shot Chart Detail","0022400061","297","1627759","Jaylen Brown","1610612738","Boston Celtics","3","10","10","Missed Shot","Driving Floating Bank Jump Shot","2PT Field Goal","In The Paint (Non-RA)","Center(C)","8-16 ft.","8","25","84","1","0","20241022","BOS","NYK"
"Shot Chart Detail","0022400061","299","1627759","Jaylen Brown","1610612738","Boston Celtics","3","10","6","Missed Shot","Putback Layup Shot","2PT Field Goal","Restricted Area","Center(C)","Less Than 8 ft.","2","-21","11","1","0","20241022","BOS","NYK"
"Shot Chart Detail","0022400061","303","201950","Jrue Holiday","1610612738","Boston Celtics","3","9","43","Made Shot","Running Pull-Up Jump Shot","3PT Field Goal","Above the Break 3","Left Side Center(LC)","24+ ft.","24","-145","203","1","1","20241022","BOS","NYK"
"Shot Chart Detail","0022400061","306","1628969","Mikal Bridges","1610612752","New York Knicks","3","9","24","Made Shot","Jump Shot","3PT Field Goal","Right Corner 3","Right Side(R)","24+ ft.","23","222","67","1","1","20241022","BOS","NYK"
"Shot Chart Detail","0022400061","310","201950","Jrue Holiday","1610612738","Boston Celtics","3","9","0","Made Shot","Jump Shot","3PT Field Goal","Above the Break 3","Right Side Center(RC)","24+ ft.","25","232","101","1","1","20241022","BOS","NYK"
"Shot Chart Detail","0022400061","313","1628369","Jayson Tatum","1610612738","Boston Celtics","3","8","35","Made Shot","Pullup Jump shot","2PT Field Goal","Mid-Range","Right Side Center(RC)","16-24 ft.","20","107","176","1","1","20241022","BOS","NYK"
"Shot Chart Detail","0022400061","319","201143","Al Horford","1610612738","Boston Celtics","3","8","12","Missed Shot","Driving Floating Jump Shot","2PT Field Goal","In The Paint (Non-RA)","Center(C)","8-16 ft.","8","37","79","1","0","20241022","BOS","NYK"
"Shot Chart Detail","0022400061","321","1628973","Jalen Brunson","1610612752","New York Knicks","3","7","56","Missed Shot","Driving Floating Jump Shot","2PT Field Goal","Mid-Range","Left Side(L)","8-16 ft.","13","-92","95","1","0","20241022","BOS","NYK"
"Shot Chart Detail","0022400061","326","1628369","Jayson Tatum","1610612738","Boston Celtics","3","7","39","Made Shot","Turnaround Fadeaway shot","2PT Field Goal","Mid-Range","Left Side(L)","8-16 ft.","12","-114","43","1","1","20241022","BOS","NYK"
"Shot Chart Detail","0022400061","327","1628969","Mikal Bridges","1610612752","New York Knicks","3","7","20","Made Shot","Cutting Layup Shot","2PT Field Goal","Restricted Area","Center(C)","Less Than 8 ft.","2","22","15","1","1","20241022","BOS","NYK"
"Shot Chart Detail","0022400061","329","1628369","Jayson Tatum","1610612738","Boston Celtics","3","7","9","Made Shot","Pullup Jump shot","3PT Field Goal","Above the Break 3","Left Side Center(LC)","24+ ft.","25","-151","201","1","1","20241022","BOS","NYK"
"Shot Chart Detail","0022400061","330","1628973","Jalen Brunson","1610612752","New York Knicks","3","6","57","Made Shot","Fadeaway Jump Shot","2PT Field Goal","Mid-Range","Center(C)","16-24 ft.","16","25","168","1","1","20241022","BOS","NYK"
"Shot Chart Detail","0022400061","331","201143","Al Horford","1610612738","Boston Celtics","3","6","44","Missed Shot","Jump Shot","3PT Field Goal","Above the Break 3","Right Side Center(RC)","24+ ft.","26","98","250","1","0","20241022","BOS","NYK"
"Shot Chart Detail","0022400061","333","1628973","Jalen Brunson","1610612752","New York Knicks","3","6","36","Made Shot","Running Layup Shot","2PT Field Goal","Restricted Area","Center(C)","Less Than 8 ft.","1","-5","17","1","1","20241022","BOS","NYK"
"Shot Chart Detail","0022400061","335","1628401","Derrick White","1610612738","Boston Celtics","3","6","21","Made Shot","Jump Shot","3PT Field Goal","Left Corner 3","Left Side(L)","24+ ft.","23","-235","5","1","1","20241022","BOS","NYK"
"Shot Chart Detail","0022400061","337","1626157","Karl-Anthony Towns","1610612752","New York Knicks","3","6","2","Missed Shot","Driving Layup Shot","2PT Field Goal","Restricted Area","Center(C)","Less Than 8 ft.","3","-22","27","1","0","20241022","BOS","NYK"
"Shot Chart Detail","0022400061","339","1628969","Mikal Bridges","1610612752","New York Knicks","3","5","51","Made Shot","Step Back Jump shot","2PT Field Goal","Mid-Range","Left Side(L)","16-24 ft.","17","-170","55","1","1","20241022","BOS","NYK"
"Shot Chart Detail","0022400061","340","1627759","Jaylen Brown","1610612738","Boston Celtics","3","5","28","Made Shot","Jump Shot","3PT Field Goal","Right Corner 3","Right Side(R)","24+ ft.","24","229","87","1","1","20241022","BOS","NYK"
"Shot Chart Detail","0022400061","353","1628973","Jalen Brunson","1610612752","New York Knicks","3","5","11","Missed Shot","Driving Floating Jump Shot","2PT Field Goal","Mid-Range","Center(C)","8-16 ft.","15","-20","157","1","0","20241022","BOS","NYK"
"Shot Chart Detail","0022400061","355","1630540","Miles McBride","1610612752","New York Knicks","3","5","4","Made Shot","Pullup Jump shot","3PT Field Goal","Above the Break 3","Right Side Center(RC)","24+ ft.","25","151","207","1","1","20241022","BOS","NYK"
"Shot Chart Detail","0022400061","357","1630202","Payton Pritchard","1610612738","Boston Celtics","3","4","42","Missed Shot","Jump Shot","3PT Field Goal","Right Corner 3","Right Side(R)","24+ ft.","23","228","66","1","0","20241022","BOS","NYK"
"Shot Chart Detail","0022400061","359","1628973","Jalen Brunson","1610612752","New York Knicks","3","4","29","Made Shot","Driving Floating Bank Jump Shot","2PT Field Goal","Mid-Range","Right Side(R)","8-16 ft.","10","87","63","1","1","20241022","BOS","NYK"
"Shot Chart Detail","0022400061","363","1628401","Derrick White","1610612738","Boston Celtics","3","4","7","Made Shot","Driving Floating Jump Shot","2PT Field Goal","In The Paint (Non-RA)","Center(C)","Less Than 8 ft.","6","20","66","1","1","20241022","BOS","NYK"
"Shot Chart Detail","0022400061","365","1628973","Jalen Brunson","1610612752","New York Knicks","3","3","53","Missed Shot","Driving Floating Bank Jump Shot","2PT Field Goal","In The Paint (Non-RA)","Center(C)","Less Than 8 ft.","7","49","60","1","0","20241022","BOS","NYK"
"Shot Chart Detail","0022400061","371","1628973","Jalen Brunson","1610612752","New York Knicks","3","3","33","Missed Shot","Step Back Jump shot","3PT Field Goal","Above the Break 3","Center(C)","24+ ft.","25","-48","249","1","0","20241022","BOS","NYK"
"Shot Chart Detail","0022400061","374","1628369","Jayson Tatum","1610612738","Boston Celtics","3","3","23","Made Shot","Cutting Layup Shot","2PT Field Goal","Restricted Area","Center(C)","Less Than 8 ft.","1","13","15","1","1","20241022","BOS","NYK"
"Shot Chart Detail","0022400061","382","1628969","Mikal Bridges","1610612752","New York Knicks","3","3","0","Made Shot","Driving Finger Roll Layup Shot","2PT Field Goal","Restricted Area","Center(C)","Less Than 8 ft.","3","-31","20","1","1","20241022","BOS","NYK"
"Shot Chart Detail","0022400061","384","1628369","Jayson Tatum","1610612738","Boston Celtics","3","2","40","Made Shot","Jump Shot","3PT Field Goal","Above the Break 3","Right Side Center(RC)","24+ ft.","26","132","232","1","1","20241022","BOS","NYK"
"Shot Chart Detail","0022400061","385","1628969","Mikal Bridges","1610612752","New York Knicks","3","2","26","Missed Shot","Jump Shot","3PT Field Goal","Above the Break 3","Left Side Center(LC)","24+ ft.","26","-138","222","1","0","20241022","BOS","NYK"
"Shot Chart Detail","0022400061","387","1626166","Cameron Payne","1610612752","New York Knicks","3","2","17","Made Shot","Jump Shot","3PT Field Goal","Above the Break 3","Center(C)","24+ ft.","26","-6","268","1","1","20241022","BOS","NYK"
"Shot Chart Detail","0022400061","389","1628401","Derrick White","1610612738","Boston Celtics","3","1","52","Made Shot","Jump Shot","3PT Field Goal","Above the Break 3","Right Side Center(RC)","24+ ft.","25","99","232","1","1","20241022","BOS","NYK"
"Shot Chart Detail","0022400061","391","1628969","Mikal Bridges","1610612752","New York Knicks","3","1","39","Made Shot","Jump Shot","3PT Field Goal","Left Corner 3","Left Side(L)","24+ ft.","22","-228","-7","1","1","20241022","BOS","NYK"
"Shot Chart Detail","0022400061","393","1628401","Derrick White","1610612738","Boston Celtics","3","1","23","Missed Shot","Jump Shot","3PT Field Goal","Above the Break 3","Center(C)","24+ ft.","25","-61","247","1","0","20241022","BOS","NYK"
"Shot Chart Detail","0022400061","395","1630540","Miles McBride","1610612752","New York Knicks","3","1","10","Missed Shot","Driving Hook Shot","2PT Field Goal","In The Paint (Non-RA)","Left Side(L)","8-16 ft.","11","-78","80","1","0","20241022","BOS","NYK"
"Shot Chart Detail","0022400061","397","1628401","Derrick White","1610612738","Boston Celtics","3","1","1","Missed Shot","Running Pull-Up Jump Shot","3PT Field Goal","Above the Break 3","Center(C)","24+ ft.","25","-62","248","1","0","20241022","BOS","NYK"
"Shot Chart Detail","0022400061","402","1630540","Miles McBride","1610612752","New York Knicks","3","0","39","Made Shot","Pullup Jump shot","3PT Field Goal","Above the Break 3","Right Side Center(RC)","24+ ft.","26","112","238","1","1","20241022","BOS","NYK"
"Shot Chart Detail","0022400061","403","1628369","Jayson Tatum","1610612738","Boston Celtics","3","0","32","Missed Shot","Driving Layup Shot","2PT Field Goal","In The Paint (Non-RA)","Center(C)","Less Than 8 ft.","7","-66","37","1","0","20241022","BOS","NYK"
"Shot Chart Detail","0022400061","406","1628436","Luke Kornet","1610612738","Boston Celtics","3","0","31","Made Shot","Tip Dunk Shot","2PT Field Goal","Restricted Area","Center(C)","Less Than 8 ft.","1","-13","8","1","1","20241022","BOS","NYK"
"Shot Chart Detail","0022400061","408","1626166","Cameron Payne","1610612752","New York Knicks","3","0","7","Missed Shot","Driving Floating Jump Shot","2PT Field Goal","In The Paint (Non-RA)","Center(C)","Less Than 8 ft.","5","7","52","1","0","20241022","BOS","NYK"
"Shot Chart Detail","0022400061","421","1627759","Jaylen Brown","1610612738","Boston Celtics","4","11","37","Missed Shot","Jump Shot","2PT Field Goal","Mid-Range","Left Side Center(LC)","16-24 ft.","18","-115","151","1","0","20241022","BOS","NYK"
"Shot Chart Detail","0022400061","423","1630573","Sam Hauser","1610612738","Boston Celtics","4","11","33","Made Shot","Jump Shot","3PT Field Goal","Above the Break 3","Right Side Center(RC)","24+ ft.","30","108","283","1","1","20241022","BOS","NYK"
"Shot Chart Detail","0022400061","429","1627759","Jaylen Brown","1610612738","Boston Celtics","4","11","4","Made Shot","Pullup Jump shot","3PT Field Goal","Above the Break 3","Right Side Center(RC)","24+ ft.","26","114","237","1","1","20241022","BOS","NYK"
"Shot Chart Detail","0022400061","430","1628969","Mikal Bridges","1610612752","New York Knicks","4","10","47","Made Shot","Driving Finger Roll Layup Shot","2PT Field Goal","In The Paint (Non-RA)","Center(C)","Less Than 8 ft.","4","-34","29","1","1","20241022","BOS","NYK"
"Shot Chart Detail","0022400061","437","1630540","Miles McBride","1610612752","New York Knicks","4","10","20","Missed Shot","Jump Shot","3PT Field Goal","Above the Break 3","Left Side Center(LC)","24+ ft.","27","-113","248","1","0","20241022","BOS","NYK"
"Shot Chart Detail","0022400061","441","1627759","Jaylen Brown","1610612738","Boston Celtics","4","10","0","Missed Shot","Pullup Jump shot","2PT Field Goal","Mid-Range","Right Side Center(RC)","16-24 ft.","16","85","147","1","0","20241022","BOS","NYK"
"Shot Chart Detail","0022400061","447","1628384","OG Anunoby","1610612752","New York Knicks","4","9","50","Missed Shot","Step Back Jump shot","3PT Field Goal","Above the Break 3","Left Side Center(LC)","24+ ft.","25","-203","157","1","0","20241022","BOS","NYK"
"Shot Chart Detail","0022400061","449","201143","Al Horford","1610612738","Boston Celtics","4","9","34","Made Shot","Driving Hook Shot","2PT Field Goal","Restricted Area","Center(C)","Less Than 8 ft.","3","-31","7","1","1","20241022","BOS","NYK"
"Shot Chart Detail","0022400061","451","1628969","Mikal Bridges","1610612752","New York Knicks","4","9","18","Made Shot","Fadeaway Jump Shot","2PT Field Goal","Mid-Range","Left Side(L)","8-16 ft.","12","-97","82","1","1","20241022","BOS","NYK"
"Shot Chart Detail","0022400061","453","201143","Al Horford","1610612738","Boston Celtics","4","8","54","Made Shot","Jump Shot","3PT Field Goal","Right Corner 3","Right Side(R)","24+ ft.","23","227","73","1","1","20241022","BOS","NYK"
"Shot Chart Detail","0022400061","455","1628384","OG Anunoby","1610612752","New York Knicks","4","8","41","Missed Shot","Jump Shot","3PT Field Goal","Above the Break 3","Right Side Center(RC)","24+ ft.","26","118","233","1","0","20241022","BOS","NYK"
"Shot Chart Detail","0022400061","457","201950","Jrue Holiday","1610612738","Boston Celtics","4","8","35","Made Shot","Running Layup Shot","2PT Field Goal","Restricted Area","Center(C)","Less Than 8 ft.","3","-32","8","1","1","20241022","BOS","NYK"
"Shot Chart Detail","0022400061","462","1626166","Cameron Payne","1610612752","New York Knicks","4","8","25","Missed Shot","Pullup Jump shot","3PT Field Goal","Above the Break 3","Left Side Center(LC)","24+ ft.","26","-82","252","1","0","20241022","BOS","NYK"
"Shot Chart Detail","0022400061","464","1630579","Jericho Sims","1610612752","New York Knicks","4","8","16","Missed Shot","Driving Hook Shot","2PT Field Goal","Restricted Area","Center(C)","Less Than 8 ft.","3","-18","33","1","0","20241022","BOS","NYK"
"Shot Chart Detail","0022400061","466","1627759","Jaylen Brown","1610612738","Boston Celtics","4","8","5","Missed Shot","Jump Shot","3PT Field Goal","Above the Break 3","Right Side Center(RC)","24+ ft.","25","131","216","1","0","20241022","BOS","NYK"
"Shot Chart Detail","0022400061","469","1630540","Miles McBride","1610612752","New York Knicks","4","7","54","Made Shot","Pullup Jump shot","2PT Field Goal","In The Paint (Non-RA)","Right Side(R)","8-16 ft.","13","72","118","1","1","20241022","BOS","NYK"
"Shot Chart Detail","0022400061","470","1630214","Xavier Tillman","1610612738","Boston Celtics","4","7","26","Missed Shot","Step Back Jump shot","3PT Field Goal","Above the Break 3","Left Side Center(LC)","24+ ft.","25","-188","168","1","0","20241022","BOS","NYK"
"Shot Chart Detail","0022400061","472","1626166","Cameron Payne","1610612752","New York Knicks","4","7","19","Missed Shot","Running Jump Shot","3PT Field Goal","Above the Break 3","Left Side Center(LC)","24+ ft.","27","-113","249","1","0","20241022","BOS","NYK"
"Shot Chart Detail","0022400061","474","1630214","Xavier Tillman","1610612738","Boston Celtics","4","7","2","Made Shot","Driving Reverse Layup Shot","2PT Field Goal","Restricted Area","Center(C)","Less Than 8 ft.","2","-22","3","1","1","20241022","BOS","NYK"
"Shot Chart Detail","0022400061","476","1642359","Pacôme Dadiet","1610612752","New York Knicks","4","6","37","Made Shot","Jump Shot","3PT Field Goal","Above the Break 3","Left Side Center(LC)","24+ ft.","23","-222","88","1","1","20241022","BOS","NYK"
"Shot Chart Detail","0022400061","478","1630202","Payton Pritchard","1610612738","Boston Celtics","4","6","18","Missed Shot","Jump Shot","3PT Field Goal","Above the Break 3","Right Side Center(RC)","24+ ft.","24","158","193","1","0","20241022","BOS","NYK"
"Shot Chart Detail","0022400061","480","1628384","OG Anunoby","1610612752","New York Knicks","4","6","6","Missed Shot","Jump Shot","3PT Field Goal","Above the Break 3","Left Side Center(LC)","24+ ft.","24","-213","127","1","0","20241022","BOS","NYK"
"Shot Chart Detail","0022400061","491","1630579","Jericho Sims","1610612752","New York Knicks","4","5","47","Made Shot","Driving Reverse Layup Shot","2PT Field Goal","Restricted Area","Center(C)","Less Than 8 ft.","2","-11","20","1","1","20241022","BOS","NYK"
"Shot Chart Detail","0022400061","493","1630202","Payton Pritchard","1610612738","Boston Celtics","4","5","26","Missed Shot","Driving Layup Shot","2PT Field Goal","In The Paint (Non-RA)","Center(C)","Less Than 8 ft.","6","-59","37","1","0","20241022","BOS","NYK"
"Shot Chart Detail","0022400061","500","1626166","Cameron Payne","1610612752","New York Knicks","4","5","17","Made Shot","Driving Layup Shot","2PT Field Goal","Restricted Area","Center(C)","Less Than 8 ft.","0","-4","7","1","1","20241022","BOS","NYK"
"Shot Chart Detail","0022400061","501","1630573","Sam Hauser","1610612738","Boston Celtics","4","4","59","Missed Shot","Pullup Jump shot","3PT Field Goal","Above the Break 3","Right Side Center(RC)","24+ ft.","25","134","218","1","0","20241022","BOS","NYK"
"Shot Chart Detail","0022400061","503","1626166","Cameron Payne","1610612752","New York Knicks","4","4","48","Made Shot","Driving Floating Bank Jump Shot","2PT Field Goal","In The Paint (Non-RA)","Center(C)","Less Than 8 ft.","6","-56","38","1","1","20241022","BOS","NYK"
"Shot Chart Detail","0022400061","504","1630202","Payton Pritchard","1610612738","Boston Celtics","4","4","31","Missed Shot","Pullup Jump shot","3PT Field Goal","Above the Break 3","Left Side Center(LC)","24+ ft.","26","-126","230","1","0","20241022","BOS","NYK"
"Shot Chart Detail","0022400061","506","1642278","Tyler Kolek","1610612752","New York Knicks","4","4","20","Made Shot","Jump Shot","3PT Field Goal","Above the Break 3","Right Side Center(RC)","24+ ft.","26","130","226","1","1","20241022","BOS","NYK"
"Shot Chart Detail","0022400061","511","1630573","Sam Hauser","1610612738","Boston Celtics","4","4","4","Made Shot","Driving Floating Bank Jump Shot","2PT Field Goal","Mid-Range","Right Side(R)","8-16 ft.","14","115","88","1","1","20241022","BOS","NYK"
"Shot Chart Detail","0022400061","513","1626166","Cameron Payne","1610612752","New York Knicks","4","3","44","Made Shot","Pullup Jump shot","2PT Field Goal","Mid-Range","Right Side Center(RC)","16-24 ft.","16","98","132","1","1","20241022","BOS","NYK"
"Shot Chart Detail","0022400061","514","1630214","Xavier Tillman","1610612738","Boston Celtics","4","3","32","Missed Shot","Driving Hook Shot","2PT Field Goal","In The Paint (Non-RA)","Center(C)","Less Than 8 ft.","5","49","26","1","0","20241022","BOS","NYK"
"Shot Chart Detail","0022400061","516","1642359","Pacôme Dadiet","1610612752","New York Knicks","4","3","19","Missed Shot","Turnaround Fadeaway shot","2PT Field Goal","Mid-Range","Right Side(R)","8-16 ft.","12","109","62","1","0","20241022","BOS","NYK"
"Shot Chart Detail","0022400061","518","1630573","Sam Hauser","1610612738","Boston Celtics","4","3","2","Missed Shot","Pullup Jump shot","3PT Field Goal","Above the Break 3","Left Side Center(LC)","24+ ft.","26","-105","247","1","0","20241022","BOS","NYK"
"Shot Chart Detail","0022400061","523","1630202","Payton Pritchard","1610612738","Boston Celtics","4","2","34","Missed Shot","Jump Shot","3PT Field Goal","Above the Break 3","Right Side Center(RC)","24+ ft.","30","115","281","1","0","20241022","BOS","NYK"
"Shot Chart Detail","0022400061","525","1630573","Sam Hauser","1610612738","Boston Celtics","4","2","30","Missed Shot","Jump Shot","3PT Field Goal","Above the Break 3","Center(C)","24+ ft.","26","-56","262","1","0","20241022","BOS","NYK"
"Shot Chart Detail","0022400061","527","1630202","Payton Pritchard","1610612738","Boston Celtics","4","2","25","Missed Shot","Jump Shot","3PT Field Goal","Above the Break 3","Right Side Center(RC)","24+ ft.","27","159","230","1","0","20241022","BOS","NYK"
"Shot Chart Detail","0022400061","530","1630214","Xavier Tillman","1610612738","Boston Celtics","4","2","1","Missed Shot","Jump Shot","3PT Field Goal","Above the Break 3","Right Side Center(RC)","24+ ft.","27","103","260","1","0","20241022","BOS","NYK"
"Shot Chart Detail","0022400061","535","1630202","Payton Pritchard","1610612738","Boston Celtics","4","1","26","Missed Shot","Pullup Jump shot","3PT Field Goal","Above the Break 3","Left Side Center(LC)","24+ ft.","26","-156","216","1","0","20241022","BOS","NYK"
"Shot Chart Detail","0022400061","537","1642278","Tyler Kolek","1610612752","New York Knicks","4","1","12","Missed Shot","Driving Finger Roll Layup Shot","2PT Field Goal","Restricted Area","Center(C)","Less Than 8 ft.","3","-26","29","1","0","20241022","BOS","NYK"
"Shot Chart Detail","0022400061","539","1630573","Sam Hauser","1610612738","Boston Celtics","4","0","57","Missed Shot","Step Back Jump shot","3PT Field Goal","Above the Break 3","Left Side Center(LC)","24+ ft.","26","-154","214","1","0","20241022","BOS","NYK"
"Shot Chart Detail","0022400061","543","1641775","Jordan Walsh","1610612738","Boston Celtics","4","0","52","Missed Shot","Jump Shot","3PT Field Goal","Above the Break 3","Center(C)","24+ ft.","25","-32","253","1","0","20241022","BOS","NYK"
"Shot Chart Detail","0022400061","546","1631210","Jacob Toppin","1610612752","New York Knicks","4","0","36","Missed Shot","Jump Shot","3PT Field Goal","Above the Break 3","Right Side Center(RC)","24+ ft.","24","223","110","1","0","20241022","BOS","NYK"
"Shot Chart Detail","0022400062","7","1630162","Anthony Edwards","1610612750","Minnesota Timberwolves","1","11","32","Missed Shot","Jump Shot","3PT Field Goal","Above the Break 3","Left Side Center(LC)","24+ ft.","26","-89","253","1","0","20241022","LAL","MIN"
"Shot Chart Detail","0022400062","9","1629060","Rui Hachimura","1610612747","Los Angeles Lakers","1","11","18","Made Shot","Jump Shot","3PT Field Goal","Above the Break 3","Right Side Center(RC)","24+ ft.","26","121","231","1","1","20241022","LAL","MIN"
"Shot Chart Detail","0022400062","13","1630183","Jaden McDaniels","1610612750","Minnesota Timberwolves","1","10","42","Made Shot","Driving Finger Roll Layup Shot","2PT Field Goal","Restricted Area","Center(C)","Less Than 8 ft.","3","4","36","1","1","20241022","LAL","MIN"
"Shot Chart Detail","0022400062","15","1629060","Rui Hachimura","1610612747","Los Angeles Lakers","1","10","23","Made Shot","Driving Dunk Shot","2PT Field Goal","Restricted Area","Center(C)","Less Than 8 ft.","2","6","28","1","1","20241022","LAL","MIN"
"Shot Chart Detail","0022400062","17","1630162","Anthony Edwards","1610612750","Minnesota Timberwolves","1","9","57","Made Shot","Jump Shot","3PT Field Goal","Above the Break 3","Left Side Center(LC)","24+ ft.","24","-184","158","1","1","20241022","LAL","MIN"
"Shot Chart Detail","0022400062","20","2544","LeBron James","1610612747","Los Angeles Lakers","1","9","35","Missed Shot","Driving Bank Hook Shot","2PT Field Goal","In The Paint (Non-RA)","Center(C)","Less Than 8 ft.","5","26","45","1","0","20241022","LAL","MIN"
"Shot Chart Detail","0022400062","22","1630183","Jaden McDaniels","1610612750","Minnesota Timberwolves","1","9","29","Missed Shot","Running Layup Shot","2PT Field Goal","In The Paint (Non-RA)","Center(C)","Less Than 8 ft.","4","-20","36","1","0","20241022","LAL","MIN"
"Shot Chart Detail","0022400062","25","1629060","Rui Hachimura","1610612747","Los Angeles Lakers","1","9","24","Missed Shot","Running Jump Shot","3PT Field Goal","Right Corner 3","Right Side(R)","24+ ft.","23","235","34","1","0","20241022","LAL","MIN"
"Shot Chart Detail","0022400062","27","1626156","D'Angelo Russell","1610612747","Los Angeles Lakers","1","9","19","Missed Shot","Jump Shot","3PT Field Goal","Above the Break 3","Right Side Center(RC)","24+ ft.","26","156","210","1","0","20241022","LAL","MIN"
"Shot Chart Detail","0022400062","29","203497","Rudy Gobert","1610612750","Minnesota Timberwolves","1","9","2","Missed Shot","Reverse Layup Shot","2PT Field Goal","Restricted Area","Center(C)","Less Than 8 ft.","2","-26","10","1","0","20241022","LAL","MIN"
"Shot Chart Detail","0022400062","32","2544","LeBron James","1610612747","Los Angeles Lakers","1","8","56","Made Shot","Running Layup Shot","2PT Field Goal","Restricted Area","Center(C)","Less Than 8 ft.","3","16","29","1","1","20241022","LAL","MIN"
"Shot Chart Detail","0022400062","37","2544","LeBron James","1610612747","Los Angeles Lakers","1","8","35","Made Shot","Running Dunk Shot","2PT Field Goal","Restricted Area","Center(C)","Less Than 8 ft.","2","1","20","1","1","20241022","LAL","MIN"
"Shot Chart Detail","0022400062","42","1626156","D'Angelo Russell","1610612747","Los Angeles Lakers","1","8","17","Missed Shot","Driving Floating Bank Jump Shot","2PT Field Goal","Restricted Area","Center(C)","Less Than 8 ft.","3","20","31","1","0","20241022","LAL","MIN"
"Shot Chart Detail","0022400062","45","203944","Julius Randle","1610612750","Minnesota Timberwolves","1","8","10","Missed Shot","Running Layup Shot","2PT Field Goal","Restricted Area","Center(C)","Less Than 8 ft.","1","0","10","1","0","20241022","LAL","MIN"
"Shot Chart Detail","0022400062","49","1630183","Jaden McDaniels","1610612750","Minnesota Timberwolves","1","8","4","Made Shot","Layup Shot","2PT Field Goal","Restricted Area","Center(C)","Less Than 8 ft.","3","-13","31","1","1","20241022","LAL","MIN"
"Shot Chart Detail","0022400062","50","1630559","Austin Reaves","1610612747","Los Angeles Lakers","1","7","40","Missed Shot","Jump Shot","3PT Field Goal","Above the Break 3","Left Side Center(LC)","24+ ft.","31","-142","278","1","0","20241022","LAL","MIN"
"Shot Chart Detail","0022400062","54","2544","LeBron James","1610612747","Los Angeles Lakers","1","7","14","Missed Shot","Jump Shot","3PT Field Goal","Above the Break 3","Right Side Center(RC)","24+ ft.","28","126","254","1","0","20241022","LAL","MIN"
"Shot Chart Detail","0022400062","56","203076","Anthony Davis","1610612747","Los Angeles Lakers","1","7","9","Made Shot","Putback Dunk Shot","2PT Field Goal","Restricted Area","Center(C)","Less Than 8 ft.","1","-7","17","1","1","20241022","LAL","MIN"
"Shot Chart Detail","0022400062","61","203076","Anthony Davis","1610612747","Los Angeles Lakers","1","6","25","Made Shot","Step Back Jump shot","2PT Field Goal","Mid-Range","Left Side Center(LC)","16-24 ft.","18","-104","159","1","1","20241022","LAL","MIN"
"Shot Chart Detail","0022400062","62","1630162","Anthony Edwards","1610612750","Minnesota Timberwolves","1","6","6","Missed Shot","Pullup Jump shot","3PT Field Goal","Above the Break 3","Center(C)","24+ ft.","27","43","272","1","0","20241022","LAL","MIN"
"Shot Chart Detail","0022400062","70","1630162","Anthony Edwards","1610612750","Minnesota Timberwolves","1","5","54","Made Shot","Step Back Jump shot","3PT Field Goal","Above the Break 3","Center(C)","24+ ft.","25","74","245","1","1","20241022","LAL","MIN"
"Shot Chart Detail","0022400062","71","1630559","Austin Reaves","1610612747","Los Angeles Lakers","1","5","41","Missed Shot","Pullup Jump shot","3PT Field Goal","Above the Break 3","Left Side Center(LC)","24+ ft.","26","-138","228","1","0","20241022","LAL","MIN"
"Shot Chart Detail","0022400062","73","1626156","D'Angelo Russell","1610612747","Los Angeles Lakers","1","5","36","Made Shot","Jump Shot","3PT Field Goal","Above the Break 3","Center(C)","24+ ft.","25","27","249","1","1","20241022","LAL","MIN"
"Shot Chart Detail","0022400062","75","1628978","Donte DiVincenzo","1610612750","Minnesota Timberwolves","1","5","20","Missed Shot","Step Back Jump shot","3PT Field Goal","Above the Break 3","Center(C)","24+ ft.","26","75","250","1","0","20241022","LAL","MIN"
"Shot Chart Detail","0022400062","81","1631108","Max Christie","1610612747","Los Angeles Lakers","1","5","4","Missed Shot","Jump Shot","3PT Field Goal","Left Corner 3","Left Side(L)","24+ ft.","22","-224","44","1","0","20241022","LAL","MIN"
"Shot Chart Detail","0022400062","84","203076","Anthony Davis","1610612747","Los Angeles Lakers","1","4","34","Missed Shot","Hook Shot","2PT Field Goal","In The Paint (Non-RA)","Center(C)","Less Than 8 ft.","5","-1","53","1","0","20241022","LAL","MIN"
"Shot Chart Detail","0022400062","86","203497","Rudy Gobert","1610612750","Minnesota Timberwolves","1","4","27","Made Shot","Running Layup Shot","2PT Field Goal","Restricted Area","Center(C)","Less Than 8 ft.","0","-4","9","1","1","20241022","LAL","MIN"
"Shot Chart Detail","0022400062","88","1629216","Gabe Vincent","1610612747","Los Angeles Lakers","1","4","6","Missed Shot","Step Back Jump shot","2PT Field Goal","Mid-Range","Right Side Center(RC)","16-24 ft.","17","119","135","1","0","20241022","LAL","MIN"
"Shot Chart Detail","0022400062","91","1630559","Austin Reaves","1610612747","Los Angeles Lakers","1","3","58","Missed Shot","Cutting Finger Roll Layup Shot","2PT Field Goal","Restricted Area","Center(C)","Less Than 8 ft.","3","9","37","1","0","20241022","LAL","MIN"
"Shot Chart Detail","0022400062","93","1630559","Austin Reaves","1610612747","Los Angeles Lakers","1","3","51","Made Shot","Tip Layup Shot","2PT Field Goal","Restricted Area","Center(C)","Less Than 8 ft.","0","0","0","1","1","20241022","LAL","MIN"
"Shot Chart Detail","0022400062","95","203076","Anthony Davis","1610612747","Los Angeles Lakers","1","3","27","Missed Shot","Turnaround Fadeaway shot","2PT Field Goal","In The Paint (Non-RA)","Center(C)","8-16 ft.","10","4","106","1","0","20241022","LAL","MIN"
"Shot Chart Detail","0022400062","97","1630183","Jaden McDaniels","1610612750","Minnesota Timberwolves","1","3","6","Missed Shot","Step Back Jump shot","3PT Field Goal","Above the Break 3","Right Side Center(RC)","24+ ft.","27","208","180","1","0","20241022","LAL","MIN"
"Shot Chart Detail","0022400062","110","1631108","Max Christie","1610612747","Los Angeles Lakers","1","2","42","Missed Shot","Step Back Jump shot","3PT Field Goal","Above the Break 3","Left Side Center(LC)","24+ ft.","25","-210","149","1","0","20241022","LAL","MIN"
"Shot Chart Detail","0022400062","112","1630162","Anthony Edwards","1610612750","Minnesota Timberwolves","1","2","33","Made Shot","Running Layup Shot","2PT Field Goal","Restricted Area","Center(C)","Less Than 8 ft.","3","15","29","1","1","20241022","LAL","MIN"
"Shot Chart Detail","0022400062","123","1629638","Nickeil Alexander-Walker","1610612750","Minnesota Timberwolves","1","1","55","Made Shot","Jump Shot","3PT Field Goal","Left Corner 3","Left Side(L)","24+ ft.","22","-225","0","1","1","20241022","LAL","MIN"
"Shot Chart Detail","0022400062","125","203076","Anthony Davis","1610612747","Los Angeles Lakers","1","1","38","Missed Shot","Driving Floating Jump Shot","2PT Field Goal","In The Paint (Non-RA)","Center(C)","Less Than 8 ft.","4","-26","36","1","0","20241022","LAL","MIN"
"Shot Chart Detail","0022400062","127","203076","Anthony Davis","1610612747","Los Angeles Lakers","1","1","35","Missed Shot","Hook Shot","2PT Field Goal","In The Paint (Non-RA)","Center(C)","8-16 ft.","10","5","100","1","0","20241022","LAL","MIN"
"Shot Chart Detail","0022400062","129","1630162","Anthony Edwards","1610612750","Minnesota Timberwolves","1","1","27","Missed Shot","Running Jump Shot","3PT Field Goal","Above the Break 3","Left Side Center(LC)","24+ ft.","25","-174","192","1","0","20241022","LAL","MIN"
"Shot Chart Detail","0022400062","131","1631108","Max Christie","1610612747","Los Angeles Lakers","1","1","16","Missed Shot","Jump Shot","3PT Field Goal","Left Corner 3","Left Side(L)","24+ ft.","23","-239","7","1","0","20241022","LAL","MIN"
"Shot Chart Detail","0022400062","148","1629675","Naz Reid","1610612750","Minnesota Timberwolves","1","0","49","Made Shot","Jump Bank Shot","3PT Field Goal","Above the Break 3","Center(C)","24+ ft.","27","21","272","1","1","20241022","LAL","MIN"
"Shot Chart Detail","0022400062","151","2544","LeBron James","1610612747","Los Angeles Lakers","1","0","34","Missed Shot","Cutting Layup Shot","2PT Field Goal","Restricted Area","Center(C)","Less Than 8 ft.","3","1","31","1","0","20241022","LAL","MIN"
"Shot Chart Detail","0022400062","154","1628978","Donte DiVincenzo","1610612750","Minnesota Timberwolves","1","0","20","Missed Shot","Driving Floating Jump Shot","2PT Field Goal","In The Paint (Non-RA)","Center(C)","Less Than 8 ft.","5","-12","55","1","0","20241022","LAL","MIN"
"Shot Chart Detail","0022400062","156","1628978","Donte DiVincenzo","1610612750","Minnesota Timberwolves","1","0","19","Made Shot","Putback Layup Shot","2PT Field Goal","Restricted Area","Center(C)","Less Than 8 ft.","1","-7","8","1","1","20241022","LAL","MIN"
"Shot Chart Detail","0022400062","157","1626156","D'Angelo Russell","1610612747","Los Angeles Lakers","1","0","1","Missed Shot","Jump Shot","3PT Field Goal","Above the Break 3","Right Side Center(RC)","24+ ft.","25","131","222","1","0","20241022","LAL","MIN"
"Shot Chart Detail","0022400062","167","1626156","D'Angelo Russell","1610612747","Los Angeles Lakers","2","11","43","Missed Shot","Step Back Jump shot","3PT Field Goal","Right Corner 3","Right Side(R)","24+ ft.","24","235","74","1","0","20241022","LAL","MIN"
"Shot Chart Detail","0022400062","169","1629060","Rui Hachimura","1610612747","Los Angeles Lakers","2","11","39","Made Shot","Putback Layup Shot","2PT Field Goal","Restricted Area","Center(C)","Less Than 8 ft.","1","5","13","1","1","20241022","LAL","MIN"
"Shot Chart Detail","0022400062","170","1628978","Donte DiVincenzo","1610612750","Minnesota Timberwolves","2","11","22","Missed Shot","Pullup Jump shot","3PT Field Goal","Above the Break 3","Left Side Center(LC)","24+ ft.","24","-222","101","1","0","20241022","LAL","MIN"
"Shot Chart Detail","0022400062","172","203944","Julius Randle","1610612750","Minnesota Timberwolves","2","11","14","Made Shot","Step Back Jump shot","3PT Field Goal","Above the Break 3","Center(C)","24+ ft.","26","61","256","1","1","20241022","LAL","MIN"
"Shot Chart Detail","0022400062","173","1629637","Jaxson Hayes","1610612747","Los Angeles Lakers","2","10","51","Missed Shot","Floating Jump shot","2PT Field Goal","In The Paint (Non-RA)","Center(C)","8-16 ft.","13","-31","133","1","0","20241022","LAL","MIN"
"Shot Chart Detail","0022400062","175","1626156","D'Angelo Russell","1610612747","Los Angeles Lakers","2","10","40","Made Shot","Cutting Layup Shot","2PT Field Goal","Restricted Area","Center(C)","Less Than 8 ft.","1","-12","15","1","1","20241022","LAL","MIN"
"Shot Chart Detail","0022400062","179","1629060","Rui Hachimura","1610612747","Los Angeles Lakers","2","10","12","Missed Shot","Pullup Jump shot","2PT Field Goal","Mid-Range","Left Side Center(LC)","16-24 ft.","20","-97","180","1","0","20241022","LAL","MIN"
"Shot Chart Detail","0022400062","182","1626156","D'Angelo Russell","1610612747","Los Angeles Lakers","2","10","1","Missed Shot","Jump Shot","3PT Field Goal","Above the Break 3","Left Side Center(LC)","24+ ft.","26","-238","112","1","0","20241022","LAL","MIN"
"Shot Chart Detail","0022400062","185","1629637","Jaxson Hayes","1610612747","Los Angeles Lakers","2","9","50","Made Shot","Dunk Shot","2PT Field Goal","In The Paint (Non-RA)","Center(C)","Less Than 8 ft.","4","-21","39","1","1","20241022","LAL","MIN"
"Shot Chart Detail","0022400062","187","1629675","Naz Reid","1610612750","Minnesota Timberwolves","2","9","35","Missed Shot","Turnaround Bank Hook Shot","2PT Field Goal","Mid-Range","Right Side(R)","8-16 ft.","9","91","9","1","0","20241022","LAL","MIN"
"Shot Chart Detail","0022400062","194","1626156","D'Angelo Russell","1610612747","Los Angeles Lakers","2","9","27","Made Shot","Driving Layup Shot","2PT Field Goal","Restricted Area","Center(C)","Less Than 8 ft.","3","-10","32","1","1","20241022","LAL","MIN"
"Shot Chart Detail","0022400062","198","1629637","Jaxson Hayes","1610612747","Los Angeles Lakers","2","8","54","Made Shot","Cutting Dunk Shot","2PT Field Goal","In The Paint (Non-RA)","Center(C)","Less Than 8 ft.","4","-29","37","1","1","20241022","LAL","MIN"
"Shot Chart Detail","0022400062","200","1629675","Naz Reid","1610612750","Minnesota Timberwolves","2","8","39","Missed Shot","Driving Layup Shot","2PT Field Goal","Restricted Area","Center(C)","Less Than 8 ft.","1","13","10","1","0","20241022","LAL","MIN"
"Shot Chart Detail","0022400062","202","2544","LeBron James","1610612747","Los Angeles Lakers","2","8","33","Made Shot","Running Finger Roll Layup Shot","2PT Field Goal","In The Paint (Non-RA)","Center(C)","Less Than 8 ft.","4","4","47","1","1","20241022","LAL","MIN"
"Shot Chart Detail","0022400062","208","1630183","Jaden McDaniels","1610612750","Minnesota Timberwolves","2","8","18","Missed Shot","Jump Shot","3PT Field Goal","Left Corner 3","Left Side(L)","24+ ft.","22","-223","15","1","0","20241022","LAL","MIN"
"Shot Chart Detail","0022400062","210","1642261","Dalton Knecht","1610612747","Los Angeles Lakers","2","8","1","Made Shot","Jump Shot","3PT Field Goal","Above the Break 3","Left Side Center(LC)","24+ ft.","26","-165","202","1","1","20241022","LAL","MIN"
"Shot Chart Detail","0022400062","212","1630183","Jaden McDaniels","1610612750","Minnesota Timberwolves","2","7","44","Made Shot","Driving Floating Jump Shot","2PT Field Goal","In The Paint (Non-RA)","Center(C)","8-16 ft.","11","53","105","1","1","20241022","LAL","MIN"
"Shot Chart Detail","0022400062","230","203497","Rudy Gobert","1610612750","Minnesota Timberwolves","2","7","7","Missed Shot","Running Layup Shot","2PT Field Goal","Restricted Area","Center(C)","Less Than 8 ft.","3","18","24","1","0","20241022","LAL","MIN"
"Shot Chart Detail","0022400062","233","1642261","Dalton Knecht","1610612747","Los Angeles Lakers","2","7","0","Made Shot","Running Layup Shot","2PT Field Goal","Restricted Area","Center(C)","Less Than 8 ft.","0","-1","0","1","1","20241022","LAL","MIN"
"Shot Chart Detail","0022400062","236","1630559","Austin Reaves","1610612747","Los Angeles Lakers","2","6","48","Made Shot","Running Layup Shot","2PT Field Goal","Restricted Area","Center(C)","Less Than 8 ft.","2","-10","25","1","1","20241022","LAL","MIN"
"Shot Chart Detail","0022400062","245","1628978","Donte DiVincenzo","1610612750","Minnesota Timberwolves","2","6","25","Missed Shot","Jump Shot","3PT Field Goal","Above the Break 3","Right Side Center(RC)","24+ ft.","26","181","187","1","0","20241022","LAL","MIN"
"Shot Chart Detail","0022400062","247","1629060","Rui Hachimura","1610612747","Los Angeles Lakers","2","6","14","Made Shot","Pullup Jump shot","2PT Field Goal","In The Paint (Non-RA)","Center(C)","8-16 ft.","14","64","126","1","1","20241022","LAL","MIN"
"Shot Chart Detail","0022400062","249","1630162","Anthony Edwards","1610612750","Minnesota Timberwolves","2","5","57","Made Shot","Step Back Jump shot","3PT Field Goal","Above the Break 3","Left Side Center(LC)","24+ ft.","26","-147","225","1","1","20241022","LAL","MIN"
"Shot Chart Detail","0022400062","250","203076","Anthony Davis","1610612747","Los Angeles Lakers","2","5","40","Made Shot","Layup Shot","2PT Field Goal","Restricted Area","Center(C)","Less Than 8 ft.","2","10","21","1","1","20241022","LAL","MIN"
"Shot Chart Detail","0022400062","251","1628978","Donte DiVincenzo","1610612750","Minnesota Timberwolves","2","5","22","Missed Shot","Jump Shot","3PT Field Goal","Above the Break 3","Left Side Center(LC)","24+ ft.","27","-192","190","1","0","20241022","LAL","MIN"
"Shot Chart Detail","0022400062","253","1629060","Rui Hachimura","1610612747","Los Angeles Lakers","2","5","15","Missed Shot","Jump Shot","2PT Field Goal","In The Paint (Non-RA)","Center(C)","8-16 ft.","12","-4","120","1","0","20241022","LAL","MIN"
"Shot Chart Detail","0022400062","255","1629060","Rui Hachimura","1610612747","Los Angeles Lakers","2","5","11","Made Shot","Driving Layup Shot","2PT Field Goal","Restricted Area","Center(C)","Less Than 8 ft.","1","-4","12","1","1","20241022","LAL","MIN"
"Shot Chart Detail","0022400062","256","1629675","Naz Reid","1610612750","Minnesota Timberwolves","2","4","55","Missed Shot","Jump Shot","3PT Field Goal","Right Corner 3","Right Side(R)","24+ ft.","24","237","40","1","0","20241022","LAL","MIN"
"Shot Chart Detail","0022400062","258","1642261","Dalton Knecht","1610612747","Los Angeles Lakers","2","4","49","Missed Shot","Running Jump Shot","3PT Field Goal","Above the Break 3","Right Side Center(RC)","24+ ft.","25","134","218","1","0","20241022","LAL","MIN"
"Shot Chart Detail","0022400062","265","203076","Anthony Davis","1610612747","Los Angeles Lakers","2","4","23","Made Shot","Driving Layup Shot","2PT Field Goal","In The Paint (Non-RA)","Center(C)","Less Than 8 ft.","4","-18","37","1","1","20241022","LAL","MIN"
"Shot Chart Detail","0022400062","269","1630162","Anthony Edwards","1610612750","Minnesota Timberwolves","2","4","10","Made Shot","Driving Layup Shot","2PT Field Goal","Restricted Area","Center(C)","Less Than 8 ft.","1","0","10","1","1","20241022","LAL","MIN"
"Shot Chart Detail","0022400062","278","2544","LeBron James","1610612747","Los Angeles Lakers","2","3","56","Missed Shot","Pullup Jump shot","3PT Field Goal","Above the Break 3","Center(C)","24+ ft.","27","5","275","1","0","20241022","LAL","MIN"
"Shot Chart Detail","0022400062","280","203944","Julius Randle","1610612750","Minnesota Timberwolves","2","3","42","Made Shot","Pullup Jump shot","2PT Field Goal","In The Paint (Non-RA)","Center(C)","Less Than 8 ft.","6","-2","68","1","1","20241022","LAL","MIN"
"Shot Chart Detail","0022400062","281","203076","Anthony Davis","1610612747","Los Angeles Lakers","2","3","28","Missed Shot","Pullup Jump shot","3PT Field Goal","Above the Break 3","Center(C)","24+ ft.","26","-66","254","1","0","20241022","LAL","MIN"
"Shot Chart Detail","0022400062","283","1642355","Bronny James","1610612747","Los Angeles Lakers","2","3","24","Missed Shot","Tip Layup Shot","2PT Field Goal","Restricted Area","Center(C)","Less Than 8 ft.","0","0","0","1","0","20241022","LAL","MIN"
"Shot Chart Detail","0022400062","286","204060","Joe Ingles","1610612750","Minnesota Timberwolves","2","3","10","Missed Shot","Jump Shot","3PT Field Goal","Above the Break 3","Right Side Center(RC)","24+ ft.","26","202","174","1","0","20241022","LAL","MIN"
"Shot Chart Detail","0022400062","289","2544","LeBron James","1610612747","Los Angeles Lakers","2","2","44","Missed Shot","Pullup Jump shot","2PT Field Goal","Mid-Range","Right Side Center(RC)","16-24 ft.","18","75","167","1","0","20241022","LAL","MIN"
"Shot Chart Detail","0022400062","291","1630162","Anthony Edwards","1610612750","Minnesota Timberwolves","2","2","32","Missed Shot","Pullup Jump shot","3PT Field Goal","Above the Break 3","Center(C)","24+ ft.","29","-53","288","1","0","20241022","LAL","MIN"
"Shot Chart Detail","0022400062","293","203497","Rudy Gobert","1610612750","Minnesota Timberwolves","2","2","27","Made Shot","Tip Dunk Shot","2PT Field Goal","Restricted Area","Center(C)","Less Than 8 ft.","0","0","0","1","1","20241022","LAL","MIN"
"Shot Chart Detail","0022400062","295","2544","LeBron James","1610612747","Los Angeles Lakers","2","2","14","Made Shot","Cutting Dunk Shot","2PT Field Goal","Restricted Area","Center(C)","Less Than 8 ft.","2","-15","16","1","1","20241022","LAL","MIN"
"Shot Chart Detail","0022400062","297","1629638","Nickeil Alexander-Walker","1610612750","Minnesota Timberwolves","2","1","57","Made Shot","Jump Shot","3PT Field Goal","Right Corner 3","Right Side(R)","24+ ft.","24","246","31","1","1","20241022","LAL","MIN"
"Shot Chart Detail","0022400062","299","1642355","Bronny James","1610612747","Los Angeles Lakers","2","1","38","Missed Shot","Jump Shot","3PT Field Goal","Above the Break 3","Right Side Center(RC)","24+ ft.","28","147","242","1","0","20241022","LAL","MIN"
"Shot Chart Detail","0022400062","301","1630162","Anthony Edwards","1610612750","Minnesota Timberwolves","2","1","29","Missed Shot","Fadeaway Jump Shot","2PT Field Goal","Mid-Range","Left Side Center(LC)","16-24 ft.","18","-78","164","1","0","20241022","LAL","MIN"
"Shot Chart Detail","0022400062","309","203076","Anthony Davis","1610612747","Los Angeles Lakers","2","1","5","Missed Shot","Floating Jump shot","2PT Field Goal","In The Paint (Non-RA)","Center(C)","Less Than 8 ft.","6","-23","62","1","0","20241022","LAL","MIN"
"Shot Chart Detail","0022400062","311","203944","Julius Randle","1610612750","Minnesota Timberwolves","2","0","53","Missed Shot","Jump Shot","3PT Field Goal","Above the Break 3","Center(C)","24+ ft.","27","-83","257","1","0","20241022","LAL","MIN"
"Shot Chart Detail","0022400062","317","1630162","Anthony Edwards","1610612750","Minnesota Timberwolves","2","0","30","Missed Shot","Step Back Jump shot","2PT Field Goal","In The Paint (Non-RA)","Center(C)","8-16 ft.","13","58","125","1","0","20241022","LAL","MIN"
"Shot Chart Detail","0022400062","320","1626156","D'Angelo Russell","1610612747","Los Angeles Lakers","2","0","13","Missed Shot","Jump Shot","3PT Field Goal","Above the Break 3","Right Side Center(RC)","24+ ft.","26","162","204","1","0","20241022","LAL","MIN"
"Shot Chart Detail","0022400062","324","1629638","Nickeil Alexander-Walker","1610612750","Minnesota Timberwolves","2","0","0","Missed Shot","Pullup Jump shot","2PT Field Goal","Mid-Range","Right Side Center(RC)","16-24 ft.","21","114","182","1","0","20241022","LAL","MIN"
"Shot Chart Detail","0022400062","334","203076","Anthony Davis","1610612747","Los Angeles Lakers","3","11","44","Made Shot","Alley Oop Dunk Shot","2PT Field Goal","Restricted Area","Center(C)","Less Than 8 ft.","3","28","17","1","1","20241022","LAL","MIN"
"Shot Chart Detail","0022400062","336","1630162","Anthony Edwards","1610612750","Minnesota Timberwolves","3","11","31","Missed Shot","Pullup Jump shot","3PT Field Goal","Above the Break 3","Left Side Center(LC)","24+ ft.","27","-180","202","1","0","20241022","LAL","MIN"
"Shot Chart Detail","0022400062","338","201144","Mike Conley","1610612750","Minnesota Timberwolves","3","11","25","Made Shot","Floating Jump shot","2PT Field Goal","In The Paint (Non-RA)","Center(C)","Less Than 8 ft.","7","-12","70","1","1","20241022","LAL","MIN"
"Shot Chart Detail","0022400062","339","203076","Anthony Davis","1610612747","Los Angeles Lakers","3","11","3","Missed Shot","Driving Hook Shot","2PT Field Goal","In The Paint (Non-RA)","Center(C)","Less Than 8 ft.","7","48","61","1","0","20241022","LAL","MIN"
"Shot Chart Detail","0022400062","343","201144","Mike Conley","1610612750","Minnesota Timberwolves","3","10","50","Missed Shot","Jump Shot","3PT Field Goal","Above the Break 3","Left Side Center(LC)","24+ ft.","26","-96","247","1","0","20241022","LAL","MIN"
"Shot Chart Detail","0022400062","348","1630559","Austin Reaves","1610612747","Los Angeles Lakers","3","10","30","Made Shot","Fadeaway Jump Shot","2PT Field Goal","In The Paint (Non-RA)","Right Side(R)","8-16 ft.","11","58","100","1","1","20241022","LAL","MIN"
"Shot Chart Detail","0022400062","349","1630183","Jaden McDaniels","1610612750","Minnesota Timberwolves","3","10","12","Missed Shot","Fadeaway Jump Shot","2PT Field Goal","In The Paint (Non-RA)","Center(C)","8-16 ft.","11","-55","99","1","0","20241022","LAL","MIN"
"Shot Chart Detail","0022400062","361","1626156","D'Angelo Russell","1610612747","Los Angeles Lakers","3","9","57","Missed Shot","Jump Shot","3PT Field Goal","Above the Break 3","Left Side Center(LC)","24+ ft.","25","-152","210","1","0","20241022","LAL","MIN"
"Shot Chart Detail","0022400062","363","1630162","Anthony Edwards","1610612750","Minnesota Timberwolves","3","9","42","Made Shot","Jump Shot","3PT Field Goal","Left Corner 3","Left Side(L)","24+ ft.","23","-238","26","1","1","20241022","LAL","MIN"
"Shot Chart Detail","0022400062","365","1629060","Rui Hachimura","1610612747","Los Angeles Lakers","3","9","30","Made Shot","Reverse Dunk Shot","2PT Field Goal","Restricted Area","Center(C)","Less Than 8 ft.","0","2","9","1","1","20241022","LAL","MIN"
"Shot Chart Detail","0022400062","367","203944","Julius Randle","1610612750","Minnesota Timberwolves","3","9","9","Missed Shot","Jump Shot","3PT Field Goal","Right Corner 3","Right Side(R)","24+ ft.","23","230","54","1","0","20241022","LAL","MIN"
"Shot Chart Detail","0022400062","369","1626156","D'Angelo Russell","1610612747","Los Angeles Lakers","3","9","3","Missed Shot","Running Layup Shot","2PT Field Goal","Restricted Area","Center(C)","Less Than 8 ft.","2","-5","20","1","0","20241022","LAL","MIN"
"Shot Chart Detail","0022400062","372","1630559","Austin Reaves","1610612747","Los Angeles Lakers","3","8","40","Missed Shot","Pullup Jump shot","2PT Field Goal","Mid-Range","Center(C)","8-16 ft.","15","-70","142","1","0","20241022","LAL","MIN"
"Shot Chart Detail","0022400062","374","201144","Mike Conley","1610612750","Minnesota Timberwolves","3","8","31","Missed Shot","Jump Shot","3PT Field Goal","Above the Break 3","Left Side Center(LC)","24+ ft.","28","-239","148","1","0","20241022","LAL","MIN"
"Shot Chart Detail","0022400062","382","1628978","Donte DiVincenzo","1610612750","Minnesota Timberwolves","3","8","6","Made Shot","Jump Shot","3PT Field Goal","Above the Break 3","Left Side Center(LC)","24+ ft.","25","-157","207","1","1","20241022","LAL","MIN"
"Shot Chart Detail","0022400062","384","1630559","Austin Reaves","1610612747","Los Angeles Lakers","3","7","44","Missed Shot","Jump Shot","3PT Field Goal","Above the Break 3","Left Side Center(LC)","24+ ft.","24","-131","205","1","0","20241022","LAL","MIN"
"Shot Chart Detail","0022400062","386","203076","Anthony Davis","1610612747","Los Angeles Lakers","3","7","40","Missed Shot","Putback Layup Shot","2PT Field Goal","Restricted Area","Center(C)","Less Than 8 ft.","3","5","32","1","0","20241022","LAL","MIN"
"Shot Chart Detail","0022400062","388","1629060","Rui Hachimura","1610612747","Los Angeles Lakers","3","7","37","Missed Shot","Tip Layup Shot","2PT Field Goal","Restricted Area","Center(C)","Less Than 8 ft.","0","0","0","1","0","20241022","LAL","MIN"
"Shot Chart Detail","0022400062","390","1630162","Anthony Edwards","1610612750","Minnesota Timberwolves","3","7","22","Missed Shot","Driving Layup Shot","2PT Field Goal","Restricted Area","Center(C)","Less Than 8 ft.","3","-26","27","1","0","20241022","LAL","MIN"
"Shot Chart Detail","0022400062","392","2544","LeBron James","1610612747","Los Angeles Lakers","3","7","17","Missed Shot","Running Layup Shot","2PT Field Goal","Restricted Area","Center(C)","Less Than 8 ft.","3","-31","19","1","0","20241022","LAL","MIN"
"Shot Chart Detail","0022400062","394","203497","Rudy Gobert","1610612750","Minnesota Timberwolves","3","7","8","Missed Shot","Dunk Shot","2PT Field Goal","Restricted Area","Center(C)","Less Than 8 ft.","3","23","23","1","0","20241022","LAL","MIN"
"Shot Chart Detail","0022400062","411","201144","Mike Conley","1610612750","Minnesota Timberwolves","3","6","37","Missed Shot","Pullup Jump shot","3PT Field Goal","Above the Break 3","Left Side Center(LC)","24+ ft.","25","-179","188","1","0","20241022","LAL","MIN"
"Shot Chart Detail","0022400062","414","203076","Anthony Davis","1610612747","Los Angeles Lakers","3","6","26","Missed Shot","Driving Layup Shot","2PT Field Goal","Restricted Area","Center(C)","Less Than 8 ft.","1","-16","9","1","0","20241022","LAL","MIN"
"Shot Chart Detail","0022400062","424","203076","Anthony Davis","1610612747","Los Angeles Lakers","3","5","58","Missed Shot","Driving Layup Shot","2PT Field Goal","Restricted Area","Center(C)","Less Than 8 ft.","2","20","21","1","0","20241022","LAL","MIN"
"Shot Chart Detail","0022400062","426","1630559","Austin Reaves","1610612747","Los Angeles Lakers","3","5","53","Made Shot","Floating Jump shot","2PT Field Goal","In The Paint (Non-RA)","Center(C)","Less Than 8 ft.","7","28","74","1","1","20241022","LAL","MIN"
"Shot Chart Detail","0022400062","427","1629638","Nickeil Alexander-Walker","1610612750","Minnesota Timberwolves","3","5","39","Missed Shot","Step Back Jump shot","3PT Field Goal","Right Corner 3","Right Side(R)","24+ ft.","23","227","60","1","0","20241022","LAL","MIN"
"Shot Chart Detail","0022400062","432","1630559","Austin Reaves","1610612747","Los Angeles Lakers","3","5","20","Made Shot","Pullup Jump shot","2PT Field Goal","In The Paint (Non-RA)","Center(C)","Less Than 8 ft.","7","1","72","1","1","20241022","LAL","MIN"
"Shot Chart Detail","0022400062","433","1628978","Donte DiVincenzo","1610612750","Minnesota Timberwolves","3","5","6","Made Shot","Jump Shot","3PT Field Goal","Above the Break 3","Right Side Center(RC)","24+ ft.","25","194","170","1","1","20241022","LAL","MIN"
"Shot Chart Detail","0022400062","435","1630559","Austin Reaves","1610612747","Los Angeles Lakers","3","4","53","Missed Shot","Driving Layup Shot","2PT Field Goal","In The Paint (Non-RA)","Center(C)","Less Than 8 ft.","6","-10","69","1","0","20241022","LAL","MIN"
"Shot Chart Detail","0022400062","437","1629638","Nickeil Alexander-Walker","1610612750","Minnesota Timberwolves","3","4","42","Made Shot","Cutting Dunk Shot","2PT Field Goal","Restricted Area","Center(C)","Less Than 8 ft.","1","0","12","1","1","20241022","LAL","MIN"
"Shot Chart Detail","0022400062","439","1629060","Rui Hachimura","1610612747","Los Angeles Lakers","3","4","22","Missed Shot","Jump Shot","3PT Field Goal","Above the Break 3","Right Side Center(RC)","24+ ft.","26","206","162","1","0","20241022","LAL","MIN"
"Shot Chart Detail","0022400062","447","203076","Anthony Davis","1610612747","Los Angeles Lakers","3","3","51","Made Shot","Step Back Jump shot","2PT Field Goal","In The Paint (Non-RA)","Center(C)","8-16 ft.","14","-71","129","1","1","20241022","LAL","MIN"
"Shot Chart Detail","0022400062","454","1629216","Gabe Vincent","1610612747","Los Angeles Lakers","3","3","26","Made Shot","Cutting Layup Shot","2PT Field Goal","Restricted Area","Center(C)","Less Than 8 ft.","1","-4","14","1","1","20241022","LAL","MIN"
"Shot Chart Detail","0022400062","456","203497","Rudy Gobert","1610612750","Minnesota Timberwolves","3","3","13","Made Shot","Cutting Dunk Shot","2PT Field Goal","Restricted Area","Center(C)","Less Than 8 ft.","3","-9","34","1","1","20241022","LAL","MIN"
"Shot Chart Detail","0022400062","458","203076","Anthony Davis","1610612747","Los Angeles Lakers","3","3","0","Made Shot","Driving Floating Jump Shot","2PT Field Goal","Restricted Area","Center(C)","Less Than 8 ft.","2","-5","27","1","1","20241022","LAL","MIN"
"Shot Chart Detail","0022400062","467","203944","Julius Randle","1610612750","Minnesota Timberwolves","3","2","43","Missed Shot","Jump Shot","2PT Field Goal","In The Paint (Non-RA)","Center(C)","8-16 ft.","12","56","115","1","0","20241022","LAL","MIN"
"Shot Chart Detail","0022400062","469","1642261","Dalton Knecht","1610612747","Los Angeles Lakers","3","2","32","Missed Shot","Running Jump Shot","3PT Field Goal","Above the Break 3","Left Side Center(LC)","24+ ft.","25","-105","236","1","0","20241022","LAL","MIN"
"Shot Chart Detail","0022400062","478","203076","Anthony Davis","1610612747","Los Angeles Lakers","3","2","14","Made Shot","Jump Shot","3PT Field Goal","Above the Break 3","Left Side Center(LC)","24+ ft.","25","-186","179","1","1","20241022","LAL","MIN"
"Shot Chart Detail","0022400062","480","203944","Julius Randle","1610612750","Minnesota Timberwolves","3","1","51","Made Shot","Floating Jump shot","2PT Field Goal","Restricted Area","Center(C)","Less Than 8 ft.","1","-4","10","1","1","20241022","LAL","MIN"
"Shot Chart Detail","0022400062","481","1629637","Jaxson Hayes","1610612747","Los Angeles Lakers","3","1","46","Made Shot","Alley Oop Layup shot","2PT Field Goal","Restricted Area","Center(C)","Less Than 8 ft.","2","-13","24","1","1","20241022","LAL","MIN"
"Shot Chart Detail","0022400062","484","1630162","Anthony Edwards","1610612750","Minnesota Timberwolves","3","1","19","Made Shot","Step Back Jump shot","2PT Field Goal","Mid-Range","Left Side(L)","16-24 ft.","21","-198","88","1","1","20241022","LAL","MIN"
"Shot Chart Detail","0022400062","485","203076","Anthony Davis","1610612747","Los Angeles Lakers","3","0","59","Missed Shot","Driving Reverse Layup Shot","2PT Field Goal","Restricted Area","Center(C)","Less Than 8 ft.","1","11","6","1","0","20241022","LAL","MIN"
"Shot Chart Detail","0022400062","487","1628978","Donte DiVincenzo","1610612750","Minnesota Timberwolves","3","0","52","Missed Shot","Running Jump Shot","3PT Field Goal","Right Corner 3","Right Side(R)","24+ ft.","23","233","42","1","0","20241022","LAL","MIN"
"Shot Chart Detail","0022400062","500","1629675","Naz Reid","1610612750","Minnesota Timberwolves","3","0","15","Missed Shot","Driving Floating Jump Shot","2PT Field Goal","Restricted Area","Center(C)","Less Than 8 ft.","3","-21","33","1","0","20241022","LAL","MIN"
"Shot Chart Detail","0022400062","502","1629675","Naz Reid","1610612750","Minnesota Timberwolves","3","0","13","Made Shot","Putback Layup Shot","2PT Field Goal","Restricted Area","Center(C)","Less Than 8 ft.","1","5","11","1","1","20241022","LAL","MIN"
"Shot Chart Detail","0022400062","503","203076","Anthony Davis","1610612747","Los Angeles Lakers","3","0","1","Missed Shot","Jump Shot","3PT Field Goal","Above the Break 3","Right Side Center(RC)","24+ ft.","27","123","247","1","0","20241022","LAL","MIN"
"Shot Chart Detail","0022400062","521","2544","LeBron James","1610612747","Los Angeles Lakers","4","11","34","Made Shot","Driving Layup Shot","2PT Field Goal","Restricted Area","Center(C)","Less Than 8 ft.","0","-7","-5","1","1","20241022","LAL","MIN"
"Shot Chart Detail","0022400062","525","1630183","Jaden McDaniels","1610612750","Minnesota Timberwolves","4","11","19","Missed Shot","Step Back Jump shot","3PT Field Goal","Above the Break 3","Left Side Center(LC)","24+ ft.","24","-214","116","1","0","20241022","LAL","MIN"
"Shot Chart Detail","0022400062","529","203497","Rudy Gobert","1610612750","Minnesota Timberwolves","4","11","12","Made Shot","Alley Oop Dunk Shot","2PT Field Goal","Restricted Area","Center(C)","Less Than 8 ft.","3","2","31","1","1","20241022","LAL","MIN"
"Shot Chart Detail","0022400062","531","2544","LeBron James","1610612747","Los Angeles Lakers","4","10","46","Missed Shot","Fadeaway Bank shot","2PT Field Goal","In The Paint (Non-RA)","Center(C)","Less Than 8 ft.","6","-65","20","1","0","20241022","LAL","MIN"
"Shot Chart Detail","0022400062","533","1629675","Naz Reid","1610612750","Minnesota Timberwolves","4","10","38","Made Shot","Running Jump Shot","3PT Field Goal","Above the Break 3","Right Side Center(RC)","24+ ft.","24","223","99","1","1","20241022","LAL","MIN"
"Shot Chart Detail","0022400062","538","1630559","Austin Reaves","1610612747","Los Angeles Lakers","4","10","16","Missed Shot","Jump Shot","3PT Field Goal","Above the Break 3","Right Side Center(RC)","24+ ft.","26","143","221","1","0","20241022","LAL","MIN"
"Shot Chart Detail","0022400062","542","201144","Mike Conley","1610612750","Minnesota Timberwolves","4","9","58","Missed Shot","Driving Floating Jump Shot","2PT Field Goal","In The Paint (Non-RA)","Center(C)","8-16 ft.","9","31","86","1","0","20241022","LAL","MIN"
"Shot Chart Detail","0022400062","551","1626156","D'Angelo Russell","1610612747","Los Angeles Lakers","4","9","32","Made Shot","Driving Floating Jump Shot","2PT Field Goal","In The Paint (Non-RA)","Center(C)","Less Than 8 ft.","5","18","53","1","1","20241022","LAL","MIN"
"Shot Chart Detail","0022400062","552","201144","Mike Conley","1610612750","Minnesota Timberwolves","4","9","17","Missed Shot","Jump Shot","3PT Field Goal","Right Corner 3","Right Side(R)","24+ ft.","24","232","62","1","0","20241022","LAL","MIN"
"Shot Chart Detail","0022400062","554","2544","LeBron James","1610612747","Los Angeles Lakers","4","9","11","Made Shot","Running Alley Oop Layup Shot","2PT Field Goal","Restricted Area","Center(C)","Less Than 8 ft.","2","-11","20","1","1","20241022","LAL","MIN"
"Shot Chart Detail","0022400062","556","201144","Mike Conley","1610612750","Minnesota Timberwolves","4","8","51","Missed Shot","Jump Shot","3PT Field Goal","Left Corner 3","Left Side(L)","24+ ft.","24","-229","81","1","0","20241022","LAL","MIN"
"Shot Chart Detail","0022400062","563","1629637","Jaxson Hayes","1610612747","Los Angeles Lakers","4","8","37","Made Shot","Alley Oop Dunk Shot","2PT Field Goal","Restricted Area","Center(C)","Less Than 8 ft.","0","3","-1","1","1","20241022","LAL","MIN"
"Shot Chart Detail","0022400062","570","1630162","Anthony Edwards","1610612750","Minnesota Timberwolves","4","8","20","Made Shot","Pullup Jump shot","3PT Field Goal","Above the Break 3","Left Side Center(LC)","24+ ft.","25","-156","201","1","1","20241022","LAL","MIN"
"Shot Chart Detail","0022400062","571","1629060","Rui Hachimura","1610612747","Los Angeles Lakers","4","7","52","Missed Shot","Jump Shot","3PT Field Goal","Above the Break 3","Right Side Center(RC)","24+ ft.","27","163","221","1","0","20241022","LAL","MIN"
"Shot Chart Detail","0022400062","573","1630162","Anthony Edwards","1610612750","Minnesota Timberwolves","4","7","30","Missed Shot","Driving Finger Roll Layup Shot","2PT Field Goal","Restricted Area","Center(C)","Less Than 8 ft.","3","1","31","1","0","20241022","LAL","MIN"
"Shot Chart Detail","0022400062","575","1630162","Anthony Edwards","1610612750","Minnesota Timberwolves","4","7","25","Missed Shot","Jump Shot","3PT Field Goal","Right Corner 3","Right Side(R)","24+ ft.","24","225","84","1","0","20241022","LAL","MIN"
"Shot Chart Detail","0022400062","586","1630162","Anthony Edwards","1610612750","Minnesota Timberwolves","4","6","52","Missed Shot","Finger Roll Layup Shot","2PT Field Goal","Restricted Area","Center(C)","Less Than 8 ft.","1","0","12","1","0","20241022","LAL","MIN"
"Shot Chart Detail","0022400062","593","1628978","Donte DiVincenzo","1610612750","Minnesota Timberwolves","4","6","36","Missed Shot","Step Back Jump shot","3PT Field Goal","Right Corner 3","Right Side(R)","24+ ft.","24","230","70","1","0","20241022","LAL","MIN"
"Shot Chart Detail","0022400062","597","1630162","Anthony Edwards","1610612750","Minnesota Timberwolves","4","6","29","Made Shot","Step Back Jump shot","2PT Field Goal","Mid-Range","Left Side Center(LC)","16-24 ft.","19","-104","164","1","1","20241022","LAL","MIN"
"Shot Chart Detail","0022400062","598","203076","Anthony Davis","1610612747","Los Angeles Lakers","4","6","5","Made Shot","Fadeaway Jump Shot","2PT Field Goal","In The Paint (Non-RA)","Center(C)","Less Than 8 ft.","7","-58","55","1","1","20241022","LAL","MIN"
"Shot Chart Detail","0022400062","599","1630162","Anthony Edwards","1610612750","Minnesota Timberwolves","4","5","48","Missed Shot","Pullup Jump shot","2PT Field Goal","Mid-Range","Right Side(R)","8-16 ft.","15","108","109","1","0","20241022","LAL","MIN"
"Shot Chart Detail","0022400062","605","1630162","Anthony Edwards","1610612750","Minnesota Timberwolves","4","5","22","Made Shot","Driving Layup Shot","2PT Field Goal","Restricted Area","Center(C)","Less Than 8 ft.","2","-2","27","1","1","20241022","LAL","MIN"
"Shot Chart Detail","0022400062","606","1629060","Rui Hachimura","1610612747","Los Angeles Lakers","4","5","2","Made Shot","Turnaround Fadeaway shot","2PT Field Goal","In The Paint (Non-RA)","Center(C)","8-16 ft.","11","48","109","1","1","20241022","LAL","MIN"
"Shot Chart Detail","0022400062","613","1629638","Nickeil Alexander-Walker","1610612750","Minnesota Timberwolves","4","4","44","Made Shot","Jump Shot","3PT Field Goal","Above the Break 3","Center(C)","24+ ft.","27","-43","267","1","1","20241022","LAL","MIN"
"Shot Chart Detail","0022400062","617","2544","LeBron James","1610612747","Los Angeles Lakers","4","4","22","Missed Shot","Jump Shot","2PT Field Goal","Mid-Range","Right Side(R)","8-16 ft.","15","92","126","1","0","20241022","LAL","MIN"
"Shot Chart Detail","0022400062","619","203076","Anthony Davis","1610612747","Los Angeles Lakers","4","4","16","Made Shot","Tip Layup Shot","2PT Field Goal","Restricted Area","Center(C)","Less Than 8 ft.","0","0","0","1","1","20241022","LAL","MIN"
"Shot Chart Detail","0022400062","620","1629638","Nickeil Alexander-Walker","1610612750","Minnesota Timberwolves","4","3","57","Made Shot","Driving Floating Jump Shot","2PT Field Goal","In The Paint (Non-RA)","Center(C)","8-16 ft.","11","-10","112","1","1","20241022","LAL","MIN"
"Shot Chart Detail","0022400062","622","203076","Anthony Davis","1610612747","Los Angeles Lakers","4","3","37","Made Shot","Driving Floating Jump Shot","2PT Field Goal","In The Paint (Non-RA)","Center(C)","8-16 ft.","11","-39","105","1","1","20241022","LAL","MIN"
"Shot Chart Detail","0022400062","624","203497","Rudy Gobert","1610612750","Minnesota Timberwolves","4","3","21","Made Shot","Driving Layup Shot","2PT Field Goal","Restricted Area","Center(C)","Less Than 8 ft.","2","-15","25","1","1","20241022","LAL","MIN"
"Shot Chart Detail","0022400062","627","1628978","Donte DiVincenzo","1610612750","Minnesota Timberwolves","4","2","43","Missed Shot","Cutting Dunk Shot","2PT Field Goal","Restricted Area","Center(C)","Less Than 8 ft.","2","-10","22","1","0","20241022","LAL","MIN"
"Shot Chart Detail","0022400062","630","1630559","Austin Reaves","1610612747","Los Angeles Lakers","4","2","37","Made Shot","Running Layup Shot","2PT Field Goal","Restricted Area","Center(C)","Less Than 8 ft.","2","0","25","1","1","20241022","LAL","MIN"
"Shot Chart Detail","0022400062","632","1630162","Anthony Edwards","1610612750","Minnesota Timberwolves","4","2","23","Missed Shot","Jump Shot","3PT Field Goal","Above the Break 3","Right Side Center(RC)","24+ ft.","27","146","228","1","0","20241022","LAL","MIN"
"Shot Chart Detail","0022400062","640","1630162","Anthony Edwards","1610612750","Minnesota Timberwolves","4","1","58","Missed Shot","Pullup Jump shot","2PT Field Goal","Mid-Range","Left Side(L)","8-16 ft.","15","-82","133","1","0","20241022","LAL","MIN"
"Shot Chart Detail","0022400062","642","203944","Julius Randle","1610612750","Minnesota Timberwolves","4","1","56","Made Shot","Putback Layup Shot","2PT Field Goal","Restricted Area","Center(C)","Less Than 8 ft.","1","5","-9","1","1","20241022","LAL","MIN"
"Shot Chart Detail","0022400062","646","2544","LeBron James","1610612747","Los Angeles Lakers","4","1","34","Made Shot","Pullup Jump shot","3PT Field Goal","Above the Break 3","Left Side Center(LC)","24+ ft.","25","-110","226","1","1","20241022","LAL","MIN"
"Shot Chart Detail","0022400062","657","2544","LeBron James","1610612747","Los Angeles Lakers","4","0","57","Missed Shot","Jump Shot","3PT Field Goal","Above the Break 3","Left Side Center(LC)","24+ ft.","25","-143","214","1","0","20241022","LAL","MIN"
"Shot Chart Detail","0022400062","659","1630162","Anthony Edwards","1610612750","Minnesota Timberwolves","4","0","50","Missed Shot","Running Jump Shot","3PT Field Goal","Above the Break 3","Left Side Center(LC)","24+ ft.","26","-87","253","1","0","20241022","LAL","MIN"
"Shot Chart Detail","0022400062","662","1629060","Rui Hachimura","1610612747","Los Angeles Lakers","4","0","46","Missed Shot","Running Layup Shot","2PT Field Goal","Restricted Area","Center(C)","Less Than 8 ft.","1","4","14","1","0","20241022","LAL","MIN"
"Shot Chart Detail","0022400062","666","1630559","Austin Reaves","1610612747","Los Angeles Lakers","4","0","27","Missed Shot","Jump Shot","3PT Field Goal","Above the Break 3","Right Side Center(RC)","24+ ft.","28","102","266","1","0","20241022","LAL","MIN"
"Shot Chart Detail","0022400062","671","1629675","Naz Reid","1610612750","Minnesota Timberwolves","4","0","25","Missed Shot","Jump Shot","3PT Field Goal","Above the Break 3","Center(C)","24+ ft.","25","-48","254","1","0","20241022","LAL","MIN"
"Shot Chart Detail","0022400062","673","203944","Julius Randle","1610612750","Minnesota Timberwolves","4","0","23","Made Shot","Tip Layup Shot","2PT Field Goal","Restricted Area","Center(C)","Less Than 8 ft.","0","0","0","1","1","20241022","LAL","MIN"
"Shot Chart Detail","0022400062","676","203944","Julius Randle","1610612750","Minnesota Timberwolves","4","0","19","Missed Shot","Driving Layup Shot","2PT Field Goal","Restricted Area","Center(C)","Less Than 8 ft.","3","6","31","1","0","20241022","LAL","MIN"
